97980.9533000000 0.0023000000 0.0023000000 0 0 0 2 0 0 0 1 03GoMyTh.1
146969.0287000000 0.0013000000 0.0013000000 0 0 0 3 0 0 0 2 03GoMyTh.2
195954.2109000000 0.0016000000 0.0016000000 0 0 0 4 0 0 0 3 03GoMyTh.3
244935.5565000000 0.0028000000 0.0028000000 0 0 0 5 0 0 0 4 03GoMyTh.4
293912.0865000000 0.0033000000 0.0033000000 0 0 0 6 0 0 0 5 03GoMyTh.5
342882.8503000000 0.0050000000 0.0050000000 0 0 0 7 0 0 0 6 03GoMyTh.6
391846.8898000000 0.0015000000 0.0015000000 0 0 0 8 0 0 0 7 03GoMyTh.7
440803.2320000000 0.0012000000 0.0012000000 0 0 0 9 0 0 0 8 03GoMyTh.8
489750.9210000000 0.0038000000 0.0038000000 0 0 0 10 0 0 0 9 03GoMyTh.9
48990.9549000000 0.0005000000 0.0005000000 0 0 0 1 0 0 0 0 03KiYa.1
48635.9788000000 0.0005000000 0.0005000000 0 1 0 1 0 1 0 0 03KiYa.2
48280.8805000000 0.0005000000 0.0005000000 0 2 0 1 0 2 0 0 03KiYa.3
47925.6436000000 0.0005000000 0.0005000000 0 3 0 1 0 3 0 0 03KiYa.4
47570.2646000000 0.0005000000 0.0005000000 0 4 0 1 0 4 0 0 03KiYa.5
47214.7292000000 0.0005000000 0.0005000000 0 5 0 1 0 5 0 0 03KiYa.6
46859.0264000000 0.0005000000 0.0005000000 0 6 0 1 0 6 0 0 03KiYa.7
46503.1413000000 0.0005000000 0.0005000000 0 7 0 1 0 7 0 0 03KiYa.8
46147.0606000000 0.0005000000 0.0005000000 0 8 0 1 0 8 0 0 03KiYa.9
45790.7656000000 0.0005000000 0.0005000000 0 9 0 1 0 9 0 0 03KiYa.10
45434.2090000000 0.0005000000 0.0005000000 0 10 0 1 0 10 0 0 03KiYa.11
45077.4653000000 0.0005000000 0.0005000000 0 11 0 1 0 11 0 0 03KiYa.12
44720.4177000000 0.0005000000 0.0005000000 0 12 0 1 0 12 0 0 03KiYa.13
44363.0742000000 0.0005000000 0.0005000000 0 13 0 1 0 13 0 0 03KiYa.14
44005.4100000000 0.0005000000 0.0005000000 0 14 0 1 0 14 0 0 03KiYa.15
43647.3964000000 0.0005000000 0.0005000000 0 15 0 1 0 15 0 0 03KiYa.16
43289.0029000000 0.0005000000 0.0005000000 0 16 0 1 0 16 0 0 03KiYa.17
42930.1964000000 0.0005000000 0.0005000000 0 17 0 1 0 17 0 0 03KiYa.18
42570.9407000000 0.0005000000 0.0005000000 0 18 0 1 0 18 0 0 03KiYa.19
42211.1970000000 0.0005000000 0.0005000000 0 19 0 1 0 19 0 0 03KiYa.20
41850.9221000000 0.0005000000 0.0005000000 0 20 0 1 0 20 0 0 03KiYa.21
41490.0698000000 0.0005000000 0.0005000000 0 21 0 1 0 21 0 0 03KiYa.22
41128.5897000000 0.0005000000 0.0005000000 0 22 0 1 0 22 0 0 03KiYa.23
40766.4273000000 0.0005000000 0.0005000000 0 23 0 1 0 23 0 0 03KiYa.24
40403.5242000000 0.0005000000 0.0005000000 0 24 0 1 0 24 0 0 03KiYa.25
40039.8156000000 0.0005000000 0.0005000000 0 25 0 1 0 25 0 0 03KiYa.26
39675.2325000000 0.0005000000 0.0005000000 0 26 0 1 0 26 0 0 03KiYa.27
39309.6999000000 0.0005000000 0.0005000000 0 27 0 1 0 27 0 0 03KiYa.28
38943.1363000000 0.0005000000 0.0005000000 0 28 0 1 0 28 0 0 03KiYa.29
38575.4553000000 0.0005000000 0.0005000000 0 29 0 1 0 29 0 0 03KiYa.30
38206.5606000000 0.0005000000 0.0005000000 0 30 0 1 0 30 0 0 03KiYa.31
37836.3471000000 0.0005000000 0.0005000000 0 31 0 1 0 31 0 0 03KiYa.32
37464.7068000000 0.0005000000 0.0005000000 0 32 0 1 0 32 0 0 03KiYa.33
37091.5157000000 0.0005000000 0.0005000000 0 33 0 1 0 33 0 0 03KiYa.34
36716.6441000000 0.0005000000 0.0005000000 0 34 0 1 0 34 0 0 03KiYa.35
36339.9521000000 0.0005000000 0.0005000000 0 35 0 1 0 35 0 0 03KiYa.36
35961.2845000000 0.0005000000 0.0005000000 0 36 0 1 0 36 0 0 03KiYa.37
35580.4728000000 0.0005000000 0.0005000000 0 37 0 1 0 37 0 0 03KiYa.38
35197.3402000000 0.0005000000 0.0005000000 0 38 0 1 0 38 0 0 03KiYa.39
34811.6882000000 0.0005000000 0.0005000000 0 39 0 1 0 39 0 0 03KiYa.40
85140.8902000000 0.0005000000 0.0005000000 0 18 0 2 0 18 0 1 03KiYa.41
84421.4003000000 0.0005000000 0.0005000000 0 19 0 2 0 19 0 1 03KiYa.42
83700.8476000000 0.0005000000 0.0005000000 0 20 0 2 0 20 0 1 03KiYa.43
2529.7220000000 0.0023094000 0.0023094000 0 2 0 0 0 0 0 1 77Todd.1
2528.0603000000 0.0017888500 0.0017888500 0 2 0 1 0 0 0 2 77Todd.2
2526.3779000000 0.0017888500 0.0017888500 0 2 0 2 0 0 0 3 77Todd.3
2524.6757000000 0.0017888500 0.0017888500 0 2 0 3 0 0 0 4 77Todd.4
2522.9471000000 0.0017888500 0.0017888500 0 2 0 4 0 0 0 5 77Todd.5
2521.1940000000 0.0017888500 0.0017888500 0 2 0 5 0 0 0 6 77Todd.6
2519.4185000000 0.0017888500 0.0017888500 0 2 0 6 0 0 0 7 77Todd.7
2517.6200000000 0.0017888500 0.0017888500 0 2 0 7 0 0 0 8 77Todd.8
2515.7965000000 0.0017888500 0.0017888500 0 2 0 8 0 0 0 9 77Todd.9
2512.0826000000 0.0017888500 0.0017888500 0 2 0 10 0 0 0 11 77Todd.10
2504.3721000000 0.0020000000 0.0020000000 0 2 0 14 0 0 0 15 77Todd.11
2502.3864000000 0.0017888500 0.0017888500 0 2 0 15 0 0 0 16 77Todd.12
2500.3781000000 0.0017888500 0.0017888500 0 2 0 16 0 0 0 17 77Todd.13
2498.3462000000 0.0017888500 0.0017888500 0 2 0 17 0 0 0 18 77Todd.14
2496.2908000000 0.0017888500 0.0017888500 0 2 0 18 0 0 0 19 77Todd.15
2494.2095000000 0.0020000000 0.0020000000 0 2 0 19 0 0 0 20 77Todd.16
2492.1107000000 0.0020000000 0.0020000000 0 2 0 20 0 0 0 21 77Todd.17
2489.9838000000 0.0020000000 0.0020000000 0 2 0 21 0 0 0 22 77Todd.18
2487.8394000000 0.0020000000 0.0020000000 0 2 0 22 0 0 0 23 77Todd.19
2485.6701000000 0.0023094000 0.0023094000 0 2 0 23 0 0 0 24 77Todd.20
2483.4756000000 0.0020000000 0.0020000000 0 2 0 24 0 0 0 25 77Todd.21
2481.2604000000 0.0023094000 0.0023094000 0 2 0 25 0 0 0 26 77Todd.22
2479.0251000000 0.0023094000 0.0023094000 0 2 0 26 0 0 0 27 77Todd.23
2476.7595000000 0.0028284300 0.0028284300 0 2 0 27 0 0 0 28 77Todd.24
2474.4781000000 0.0023094000 0.0023094000 0 2 0 28 0 0 0 29 77Todd.25
2472.1683000000 0.0028284300 0.0028284300 0 2 0 29 0 0 0 30 77Todd.26
2469.8395000000 0.0028284300 0.0028284300 0 2 0 30 0 0 0 31 77Todd.27
2467.4804000000 0.0028284300 0.0028284300 0 2 0 31 0 0 0 32 77Todd.28
2532.9660000000 0.0020000000 0.0020000000 0 2 0 1 0 0 0 0 77Todd.29
2534.5529000000 0.0017888500 0.0017888500 0 2 0 2 0 0 0 1 77Todd.30
2536.1130000000 0.0017888500 0.0017888500 0 2 0 3 0 0 0 2 77Todd.31
2537.6523000000 0.0023094000 0.0023094000 0 2 0 4 0 0 0 3 77Todd.32
2539.1682000000 0.0020000000 0.0020000000 0 2 0 5 0 0 0 4 77Todd.33
2540.6585000000 0.0017888500 0.0017888500 0 2 0 6 0 0 0 5 77Todd.34
2542.1260000000 0.0017888500 0.0017888500 0 2 0 7 0 0 0 6 77Todd.35
2543.5711000000 0.0017888500 0.0017888500 0 2 0 8 0 0 0 7 77Todd.36
2546.3856000000 0.0020000000 0.0020000000 0 2 0 10 0 0 0 9 77Todd.37
2551.7300000000 0.0023094000 0.0023094000 0 2 0 14 0 0 0 13 77Todd.38
2553.0061000000 0.0023094000 0.0023094000 0 2 0 15 0 0 0 14 77Todd.39
2554.2575000000 0.0023094000 0.0023094000 0 2 0 16 0 0 0 15 77Todd.40
2555.4842000000 0.0023094000 0.0023094000 0 2 0 17 0 0 0 16 77Todd.41
2556.6876000000 0.0023094000 0.0023094000 0 2 0 18 0 0 0 17 77Todd.42
2557.8655000000 0.0023094000 0.0023094000 0 2 0 19 0 0 0 18 77Todd.43
2559.0196000000 0.0023094000 0.0023094000 0 2 0 20 0 0 0 19 77Todd.44
2560.1501000000 0.0023094000 0.0023094000 0 2 0 21 0 0 0 20 77Todd.45
2561.2558000000 0.0023094000 0.0023094000 0 2 0 22 0 0 0 21 77Todd.46
2562.3366000000 0.0028284300 0.0028284300 0 2 0 23 0 0 0 22 77Todd.47
2563.3913000000 0.0023094000 0.0023094000 0 2 0 24 0 0 0 23 77Todd.48
2564.4255000000 0.0023094000 0.0023094000 0 2 0 25 0 0 0 24 77Todd.49
2565.4332000000 0.0023094000 0.0023094000 0 2 0 26 0 0 0 25 77Todd.50
2566.4161000000 0.0028284300 0.0028284300 0 2 0 27 0 0 0 26 77Todd.51
2567.3737000000 0.0023094000 0.0023094000 0 2 0 28 0 0 0 27 77Todd.52
2568.3069000000 0.0023094000 0.0023094000 0 2 0 29 0 0 0 28 77Todd.53
2569.2172000000 0.0028284300 0.0028284300 0 2 0 30 0 0 0 29 77Todd.54
2570.1013000000 0.0028284300 0.0028284300 0 2 0 31 0 0 0 30 77Todd.55
2570.9615000000 0.0028284300 0.0028284300 0 2 0 32 0 0 0 31 77Todd.56
2571.7965000000 0.0028284300 0.0028284300 0 2 0 33 0 0 0 32 77Todd.57
2572.6089000000 0.0040000000 0.0040000000 0 2 0 34 0 0 0 33 77Todd.58
2573.3911000000 0.0028284300 0.0028284300 0 2 0 35 0 0 0 34 77Todd.59
2574.8800000000 0.0089442700 0.0089442700 0 2 0 37 0 0 0 36 77Todd.60
2575.6010000000 0.0089442700 0.0089442700 0 2 0 38 0 0 0 37 77Todd.61
2576.2730000000 0.0089442700 0.0089442700 0 2 0 39 0 0 0 38 77Todd.62
1265.5536000000 0.0024000000 0.0024000000 0 1 0 3 0 0 0 4 79ToOl.1
1263.8728000000 0.0024000000 0.0024000000 0 1 0 4 0 0 0 5 79ToOl.2
1242.7973000000 0.0024000000 0.0024000000 0 1 0 16 0 0 0 17 79ToOl.3
1240.9643000000 0.0024000000 0.0024000000 0 1 0 17 0 0 0 18 79ToOl.4
1239.1214000000 0.0024000000 0.0024000000 0 1 0 18 0 0 0 19 79ToOl.5
1237.2698000000 0.0024000000 0.0024000000 0 1 0 19 0 0 0 20 79ToOl.6
1233.5307000000 0.0024000000 0.0024000000 0 1 0 21 0 0 0 22 79ToOl.7
1231.6425000000 0.0024000000 0.0024000000 0 1 0 22 0 0 0 23 79ToOl.8
1229.7438000000 0.0024000000 0.0024000000 0 1 0 23 0 0 0 24 79ToOl.9
1227.8343000000 0.0024000000 0.0024000000 0 1 0 24 0 0 0 25 79ToOl.10
1218.1284000000 0.0024000000 0.0024000000 0 1 0 29 0 0 0 30 79ToOl.11
1216.1560000000 0.0024000000 0.0024000000 0 1 0 30 0 0 0 31 79ToOl.12
1214.1664000000 0.0024000000 0.0024000000 0 1 0 31 0 0 0 32 79ToOl.13
1206.1197000000 0.0024000000 0.0024000000 0 1 0 35 0 0 0 36 79ToOl.14
1204.0811000000 0.0024000000 0.0024000000 0 1 0 36 0 0 0 37 79ToOl.15
1191.6228000000 0.0024000000 0.0024000000 0 1 0 42 0 0 0 43 79ToOl.16
1180.9534000000 0.0024000000 0.0024000000 0 1 0 47 0 0 0 48 79ToOl.17
1265.5603000000 0.0024000000 0.0024000000 0 2 0 4 0 1 0 3 79ToOl.18
1263.9881000000 0.0024000000 0.0024000000 0 2 0 3 0 1 0 2 79ToOl.19
1240.7023000000 0.0024000000 0.0024000000 0 2 0 10 0 1 0 11 79ToOl.20
1233.6295000000 0.0024000000 0.0024000000 0 2 0 14 0 1 0 15 79ToOl.21
1231.8314000000 0.0024000000 0.0024000000 0 2 0 15 0 1 0 16 79ToOl.22
1230.0239000000 0.0024000000 0.0024000000 0 2 0 16 0 1 0 17 79ToOl.23
1228.2052000000 0.0024000000 0.0024000000 0 2 0 17 0 1 0 18 79ToOl.24
1218.9472000000 0.0024000000 0.0024000000 0 2 0 22 0 1 0 23 79ToOl.25
1217.0598000000 0.0024000000 0.0024000000 0 2 0 23 0 1 0 24 79ToOl.26
1215.1644000000 0.0024000000 0.0024000000 0 2 0 24 0 1 0 25 79ToOl.27
1205.5153000000 0.0024000000 0.0024000000 0 2 0 29 0 1 0 30 79ToOl.28
1203.5487000000 0.0024000000 0.0024000000 0 2 0 30 0 1 0 31 79ToOl.29
1191.5470000000 0.0024000000 0.0024000000 0 2 0 36 0 1 0 37 79ToOl.30
1181.2492000000 0.0024000000 0.0024000000 0 2 0 41 0 1 0 42 79ToOl.31
1266.0896000000 0.0024000000 0.0024000000 0 3 0 13 0 2 0 12 79ToOl.32
1264.6364000000 0.0024000000 0.0024000000 0 3 0 12 0 2 0 11 79ToOl.33
1243.0154000000 0.0024000000 0.0024000000 0 3 0 1 0 2 0 2 79ToOl.34
1241.3792000000 0.0024000000 0.0024000000 0 3 0 2 0 2 0 3 79ToOl.35
1239.7306000000 0.0024000000 0.0024000000 0 3 0 3 0 2 0 4 79ToOl.36
1238.0731000000 0.0024000000 0.0024000000 0 3 0 4 0 2 0 5 79ToOl.37
1233.0332000000 0.0024000000 0.0024000000 0 3 0 7 0 2 0 8 79ToOl.38
1229.6084000000 0.0024000000 0.0024000000 0 3 0 9 0 2 0 10 79ToOl.39
1227.8812000000 0.0024000000 0.0024000000 0 3 0 10 0 2 0 11 79ToOl.40
1219.0757000000 0.0024000000 0.0024000000 0 3 0 15 0 2 0 16 79ToOl.41
1217.2822000000 0.0024000000 0.0024000000 0 3 0 16 0 2 0 17 79ToOl.42
1215.4758000000 0.0024000000 0.0024000000 0 3 0 17 0 2 0 18 79ToOl.43
1206.2675000000 0.0024000000 0.0024000000 0 3 0 22 0 2 0 23 79ToOl.44
1204.3946000000 0.0024000000 0.0024000000 0 3 0 23 0 2 0 24 79ToOl.45
1202.5148000000 0.0024000000 0.0024000000 0 3 0 24 0 2 0 25 79ToOl.46
1181.0520000000 0.0024000000 0.0024000000 0 3 0 35 0 2 0 36 79ToOl.47
1265.4322000000 0.0024000000 0.0024000000 0 4 0 22 0 3 0 21 79ToOl.48
1264.1017000000 0.0024000000 0.0024000000 0 4 0 21 0 3 0 20 79ToOl.49
1241.1357000000 0.0024000000 0.0024000000 0 4 0 5 0 3 0 4 79ToOl.50
1218.5042000000 0.0024000000 0.0024000000 0 4 0 8 0 3 0 9 79ToOl.51
1216.8017000000 0.0024000000 0.0024000000 0 4 0 9 0 3 0 10 79ToOl.52
1215.0914000000 0.0024000000 0.0024000000 0 4 0 10 0 3 0 11 79ToOl.53
1204.5572000000 0.0024000000 0.0024000000 0 4 0 16 0 3 0 17 79ToOl.54
1202.7680000000 0.0024000000 0.0024000000 0 4 0 17 0 3 0 18 79ToOl.55
1191.7561000000 0.0024000000 0.0024000000 0 4 0 23 0 3 0 24 79ToOl.56
48990.9780000000 0.0150000000 0.0150000000 0 0 0 1 0 0 0 0 82BoDeDe.1
48635.9770000000 0.0150000000 0.0150000000 0 1 0 1 0 1 0 0 82BoDeDe.2
48280.8870000000 0.0150000000 0.0150000000 0 2 0 1 0 2 0 0 82BoDeDe.3
47925.6650000000 0.0150000000 0.0150000000 0 3 0 1 0 3 0 0 82BoDeDe.4
47570.2810000000 0.0150000000 0.0150000000 0 4 0 1 0 4 0 0 82BoDeDe.5
47214.7420000000 0.0150000000 0.0150000000 0 5 0 1 0 5 0 0 82BoDeDe.6
46859.0100000000 0.0200000000 0.0200000000 0 6 0 1 0 6 0 0 82BoDeDe.7
46503.1520000000 0.0200000000 0.0200000000 0 7 0 1 0 7 0 0 82BoDeDe.8
46147.0800000000 0.0200000000 0.0200000000 0 8 0 1 0 8 0 0 82BoDeDe.9
45790.7750000000 0.0250000000 0.0250000000 0 9 0 1 0 9 0 0 82BoDeDe.10
45434.2620000000 0.0250000000 0.0250000000 0 10 0 1 0 10 0 0 82BoDeDe.11
45077.4750000000 0.0250000000 0.0250000000 0 11 0 1 0 11 0 0 82BoDeDe.12
44720.4250000000 0.0250000000 0.0250000000 0 12 0 1 0 12 0 0 82BoDeDe.13
44363.0800000000 0.0250000000 0.0250000000 0 13 0 1 0 13 0 0 82BoDeDe.14
44005.4250000000 0.0250000000 0.0250000000 0 14 0 1 0 14 0 0 82BoDeDe.15
97980.9500000000 0.0500000000 0.0500000000 0 0 0 2 0 0 0 1 82BoDeDe.16
97270.9800000000 0.0500000000 0.0500000000 0 1 0 2 0 1 0 1 82BoDeDe.17
96560.8000000000 0.0500000000 0.0500000000 0 2 0 2 0 2 0 1 82BoDeDe.18
95850.3250000000 0.0500000000 0.0500000000 0 3 0 2 0 3 0 1 82BoDeDe.19
95139.6020000000 0.0500000000 0.0500000000 0 4 0 2 0 4 0 1 82BoDeDe.20
94428.5310000000 0.0500000000 0.0500000000 0 5 0 2 0 5 0 1 82BoDeDe.21
93717.1400000000 0.0500000000 0.0500000000 0 6 0 2 0 6 0 1 82BoDeDe.22
93005.3850000000 0.0500000000 0.0500000000 0 7 0 2 0 7 0 1 82BoDeDe.23
92293.2140000000 0.0500000000 0.0500000000 0 8 0 2 0 8 0 1 82BoDeDe.24
91580.6050000000 0.0500000000 0.0500000000 0 9 0 2 0 9 0 1 82BoDeDe.25
90867.5480000000 0.0500000000 0.0500000000 0 10 0 2 0 10 0 1 82BoDeDe.26
146969.0330000000 0.0500000000 0.0500000000 0 0 0 3 0 0 0 2 82BoDeDe.27
145904.1670000000 0.0500000000 0.0500000000 0 1 0 3 0 1 0 2 82BoDeDe.28
144838.8260000000 0.0500000000 0.0500000000 0 2 0 3 0 2 0 2 82BoDeDe.29
143773.1680000000 0.0500000000 0.0500000000 0 3 0 3 0 3 0 2 82BoDeDe.30
142707.0050000000 0.0500000000 0.0500000000 0 4 0 3 0 4 0 2 82BoDeDe.31
141640.4130000000 0.0500000000 0.0500000000 0 5 0 3 0 5 0 2 82BoDeDe.32
140573.2810000000 0.0500000000 0.0500000000 0 6 0 3 0 6 0 2 82BoDeDe.33
139505.6140000000 0.0600000000 0.0600000000 0 7 0 3 0 7 0 2 82BoDeDe.34
138437.3390000000 0.0800000000 0.0800000000 0 8 0 3 0 8 0 2 82BoDeDe.35
137368.4840000000 0.0800000000 0.0800000000 0 9 0 3 0 9 0 2 82BoDeDe.36
136298.8970000000 0.0800000000 0.0800000000 0 10 0 3 0 10 0 2 82BoDeDe.37
135228.5650000000 0.0800000000 0.0800000000 0 11 0 3 0 11 0 2 82BoDeDe.38
134157.4120000000 0.0800000000 0.0800000000 0 12 0 3 0 12 0 2 82BoDeDe.39
133085.3860000000 0.1000000000 0.1000000000 0 13 0 3 0 13 0 2 82BoDeDe.40
132012.3610000000 0.1000000000 0.1000000000 0 14 0 3 0 14 0 2 82BoDeDe.41
130938.3310000000 0.1200000000 0.1200000000 0 15 0 3 0 15 0 2 82BoDeDe.42
129863.1540000000 0.1200000000 0.1200000000 0 16 0 3 0 16 0 2 82BoDeDe.43
128786.7640000000 0.1500000000 0.1500000000 0 17 0 3 0 17 0 2 82BoDeDe.44
127708.9620000000 0.1500000000 0.1500000000 0 18 0 3 0 18 0 2 82BoDeDe.45
126629.6590000000 0.1500000000 0.1500000000 0 19 0 3 0 19 0 2 82BoDeDe.46
125548.8080000000 0.1500000000 0.1500000000 0 20 0 3 0 20 0 2 82BoDeDe.47
195954.2260000000 0.0800000000 0.0800000000 0 0 0 4 0 0 0 3 82BoDeDe.48
194534.3210000000 0.0800000000 0.0800000000 0 1 0 4 0 1 0 3 82BoDeDe.49
193113.9570000000 0.0800000000 0.0800000000 0 2 0 4 0 2 0 3 82BoDeDe.50
191693.0970000000 0.1000000000 0.1000000000 0 3 0 4 0 3 0 3 82BoDeDe.51
190271.4390000000 0.0800000000 0.0800000000 0 4 0 4 0 4 0 3 82BoDeDe.52
188849.3190000000 0.0600000000 0.0600000000 0 5 0 4 0 5 0 3 82BoDeDe.53
187426.6210000000 0.1000000000 0.1000000000 0 6 0 4 0 6 0 3 82BoDeDe.54
186002.9160000000 0.1000000000 0.1000000000 0 7 0 4 0 7 0 3 82BoDeDe.55
244934.5680000000 0.0800000000 0.0800000000 0 0 0 5 0 0 0 4 82BoDeDe.56
243160.7730000000 0.0800000000 0.0800000000 0 1 0 5 0 1 0 4 82BoDeDe.57
241385.2040000000 0.0800000000 0.0800000000 0 2 0 5 0 2 0 4 82BoDeDe.58
239608.9920000000 0.1000000000 0.1000000000 0 3 0 5 0 3 0 4 82BoDeDe.59
237832.1140000000 0.2500000000 0.2500000000 0 4 0 5 0 4 0 4 82BoDeDe.60
293912.2440000000 0.0800000000 0.0800000000 0 0 0 6 0 0 0 5 82BoDeDe.61
291782.2940000000 0.0800000000 0.0800000000 0 1 0 6 0 1 0 5 82BoDeDe.62
289651.6930000000 0.0800000000 0.0800000000 0 2 0 6 0 2 0 5 82BoDeDe.63
287520.2060000000 0.1500000000 0.1500000000 0 3 0 6 0 3 0 5 82BoDeDe.64
285388.0710000000 0.2000000000 0.2000000000 0 4 0 6 0 4 0 5 82BoDeDe.65
283254.8570000000 0.2000000000 0.2000000000 0 5 0 6 0 5 0 5 82BoDeDe.66
342883.0000000000 0.1000000000 0.1000000000 0 0 0 7 0 0 0 6 82BoDeDe.67
340398.0800000000 0.2000000000 0.2000000000 0 1 0 7 0 1 0 6 82BoDeDe.68
391847.0300000000 0.1500000000 0.1500000000 0 0 0 8 0 0 0 7 82BoDeDe.69
389007.1100000000 0.1500000000 0.1500000000 0 1 0 8 0 1 0 7 82BoDeDe.70
440803.3920000000 0.1200000000 0.1200000000 0 0 0 9 0 0 0 8 82BoDeDe.71
489751.0400000000 0.2500000000 0.2500000000 0 0 0 10 0 0 0 9 82BoDeDe.72
1195.8164700000 0.0002300000 0.0002300000 0 1 0 40 0 0 0 41 87BuLoHaHo.1
1197.8982900000 0.0002300000 0.0002300000 0 1 0 39 0 0 0 40 87BuLoHaHo.2
1199.9696800000 0.0002300000 0.0002300000 0 1 0 38 0 0 0 39 87BuLoHaHo.3
1202.0300400000 0.0002300000 0.0002300000 0 1 0 37 0 0 0 38 87BuLoHaHo.4
1204.0799600000 0.0002300000 0.0002300000 0 1 0 36 0 0 0 37 87BuLoHaHo.5
1206.1196600000 0.0002300000 0.0002300000 0 1 0 35 0 0 0 36 87BuLoHaHo.6
1208.1479200000 0.0002300000 0.0002300000 0 1 0 34 0 0 0 35 87BuLoHaHo.7
1210.1658800000 0.0002300000 0.0002300000 0 1 0 33 0 0 0 34 87BuLoHaHo.8
1212.1732400000 0.0002300000 0.0002300000 0 1 0 32 0 0 0 33 87BuLoHaHo.9
1214.1697400000 0.0002300000 0.0002300000 0 1 0 31 0 0 0 32 87BuLoHaHo.10
1216.1546500000 0.0002300000 0.0002300000 0 1 0 30 0 0 0 31 87BuLoHaHo.11
1218.1296800000 0.0002300000 0.0002300000 0 1 0 29 0 0 0 30 87BuLoHaHo.12
1220.0930100000 0.0002300000 0.0002300000 0 1 0 28 0 0 0 29 87BuLoHaHo.13
1222.0459400000 0.0002300000 0.0002300000 0 1 0 27 0 0 0 28 87BuLoHaHo.14
1223.9877100000 0.0002300000 0.0002300000 0 1 0 26 0 0 0 27 87BuLoHaHo.15
1295.2354500000 0.0002300000 0.0002300000 0 1 0 15 0 0 0 14 87BuLoHaHo.16
1225.9186100000 0.0002300000 0.0002300000 0 1 0 25 0 0 0 26 87BuLoHaHo.17
1296.6763000000 0.0002300000 0.0002300000 0 1 0 16 0 0 0 15 87BuLoHaHo.18
1227.8385400000 0.0002300000 0.0002300000 0 1 0 24 0 0 0 25 87BuLoHaHo.19
1298.1051100000 0.0002300000 0.0002300000 0 1 0 17 0 0 0 16 87BuLoHaHo.20
1229.7472000000 0.0002300000 0.0002300000 0 1 0 23 0 0 0 24 87BuLoHaHo.21
1299.5206200000 0.0002300000 0.0002300000 0 1 0 18 0 0 0 17 87BuLoHaHo.22
1231.6454800000 0.0002300000 0.0002300000 0 1 0 22 0 0 0 23 87BuLoHaHo.23
1300.9249900000 0.0002300000 0.0002300000 0 1 0 19 0 0 0 18 87BuLoHaHo.24
1233.5321200000 0.0002300000 0.0002300000 0 1 0 21 0 0 0 22 87BuLoHaHo.25
1302.3161700000 0.0002300000 0.0002300000 0 1 0 20 0 0 0 19 87BuLoHaHo.26
1235.4071200000 0.0002300000 0.0002300000 0 1 0 20 0 0 0 21 87BuLoHaHo.27
1303.6944300000 0.0002300000 0.0002300000 0 1 0 21 0 0 0 20 87BuLoHaHo.28
1237.2717700000 0.0002300000 0.0002300000 0 1 0 19 0 0 0 20 87BuLoHaHo.29
1305.0608000000 0.0002300000 0.0002300000 0 1 0 22 0 0 0 21 87BuLoHaHo.30
1239.1246700000 0.0002300000 0.0002300000 0 1 0 18 0 0 0 19 87BuLoHaHo.31
1306.4142000000 0.0002300000 0.0002300000 0 1 0 23 0 0 0 22 87BuLoHaHo.32
1240.9662100000 0.0002300000 0.0002300000 0 1 0 17 0 0 0 18 87BuLoHaHo.33
1307.7554800000 0.0002300000 0.0002300000 0 1 0 24 0 0 0 23 87BuLoHaHo.34
1242.7967300000 0.0002300000 0.0002300000 0 1 0 16 0 0 0 17 87BuLoHaHo.35
1309.0836700000 0.0002300000 0.0002300000 0 1 0 25 0 0 0 24 87BuLoHaHo.36
1244.6159700000 0.0002300000 0.0002300000 0 1 0 15 0 0 0 16 87BuLoHaHo.37
1310.3999100000 0.0002300000 0.0002300000 0 1 0 26 0 0 0 25 87BuLoHaHo.38
1246.4245300000 0.0002300000 0.0002300000 0 1 0 14 0 0 0 15 87BuLoHaHo.39
1311.7024100000 0.0002300000 0.0002300000 0 1 0 27 0 0 0 26 87BuLoHaHo.40
1248.2211100000 0.0002300000 0.0002300000 0 1 0 13 0 0 0 14 87BuLoHaHo.41
1312.9933800000 0.0002300000 0.0002300000 0 1 0 28 0 0 0 27 87BuLoHaHo.42
1314.2710000000 0.0002300000 0.0002300000 0 1 0 29 0 0 0 28 87BuLoHaHo.43
1315.5353100000 0.0002300000 0.0002300000 0 1 0 30 0 0 0 29 87BuLoHaHo.44
1316.7873100000 0.0002300000 0.0002300000 0 1 0 31 0 0 0 30 87BuLoHaHo.45
1318.0267800000 0.0002300000 0.0002300000 0 1 0 32 0 0 0 31 87BuLoHaHo.46
1319.2528500000 0.0002300000 0.0002300000 0 1 0 33 0 0 0 32 87BuLoHaHo.47
1320.4665700000 0.0002300000 0.0002300000 0 1 0 34 0 0 0 33 87BuLoHaHo.48
1321.6667900000 0.0002300000 0.0002300000 0 1 0 35 0 0 0 34 87BuLoHaHo.49
1322.8544900000 0.0002300000 0.0002300000 0 1 0 36 0 0 0 35 87BuLoHaHo.50
1324.0289600000 0.0002300000 0.0002300000 0 1 0 37 0 0 0 36 87BuLoHaHo.51
1325.1900100000 0.0002300000 0.0002300000 0 1 0 38 0 0 0 37 87BuLoHaHo.52
1326.3381100000 0.0002300000 0.0002300000 0 1 0 39 0 0 0 38 87BuLoHaHo.53
1327.4735300000 0.0002300000 0.0002300000 0 1 0 40 0 0 0 39 87BuLoHaHo.54
1328.5957100000 0.0002300000 0.0002300000 0 1 0 41 0 0 0 40 87BuLoHaHo.55
1329.7045700000 0.0002300000 0.0002300000 0 1 0 42 0 0 0 41 87BuLoHaHo.56
1205.5130000000 0.0002200000 0.0002200000 0 2 0 29 0 1 0 30 87BuLoHaHo.57
1207.4649800000 0.0002200000 0.0002200000 0 2 0 28 0 1 0 29 87BuLoHaHo.58
1209.4053900000 0.0002200000 0.0002200000 0 2 0 27 0 1 0 28 87BuLoHaHo.59
1211.3361000000 0.0002200000 0.0002200000 0 2 0 26 0 1 0 27 87BuLoHaHo.60
1213.2546200000 0.0002200000 0.0002200000 0 2 0 25 0 1 0 26 87BuLoHaHo.61
1215.1631100000 0.0002200000 0.0002200000 0 2 0 24 0 1 0 25 87BuLoHaHo.62
1217.0603300000 0.0002200000 0.0002200000 0 2 0 23 0 1 0 24 87BuLoHaHo.63
1218.9462200000 0.0002200000 0.0002200000 0 2 0 22 0 1 0 23 87BuLoHaHo.64
1220.8210100000 0.0002200000 0.0002200000 0 2 0 21 0 1 0 22 87BuLoHaHo.65
1222.6847800000 0.0002200000 0.0002200000 0 2 0 20 0 1 0 21 87BuLoHaHo.66
1224.5369400000 0.0002200000 0.0002200000 0 2 0 19 0 1 0 20 87BuLoHaHo.67
1226.3780900000 0.0002200000 0.0002200000 0 2 0 18 0 1 0 19 87BuLoHaHo.68
1228.2085600000 0.0002200000 0.0002200000 0 2 0 17 0 1 0 18 87BuLoHaHo.69
1230.0274600000 0.0002200000 0.0002200000 0 2 0 16 0 1 0 17 87BuLoHaHo.70
1231.8347800000 0.0002200000 0.0002200000 0 2 0 15 0 1 0 16 87BuLoHaHo.71
1233.6309600000 0.0002200000 0.0002200000 0 2 0 14 0 1 0 15 87BuLoHaHo.72
1244.1680600000 0.0002200000 0.0002200000 0 2 0 8 0 1 0 9 87BuLoHaHo.73
1245.8840500000 0.0002200000 0.0002200000 0 2 0 7 0 1 0 8 87BuLoHaHo.74
1247.5886100000 0.0002200000 0.0002200000 0 2 0 6 0 1 0 7 87BuLoHaHo.75
1249.2808900000 0.0002200000 0.0002200000 0 2 0 5 0 1 0 6 87BuLoHaHo.76
1250.9622500000 0.0002200000 0.0002200000 0 2 0 4 0 1 0 5 87BuLoHaHo.77
1252.6317600000 0.0002200000 0.0002200000 0 2 0 3 0 1 0 4 87BuLoHaHo.78
1254.2894200000 0.0002200000 0.0002200000 0 2 0 2 0 1 0 3 87BuLoHaHo.79
1255.9353000000 0.0002200000 0.0002200000 0 2 0 1 0 1 0 2 87BuLoHaHo.80
1257.5695600000 0.0002200000 0.0002200000 0 2 0 0 0 1 0 1 87BuLoHaHo.81
1260.8018400000 0.0002200000 0.0002200000 0 2 0 1 0 1 0 0 87BuLoHaHo.82
1262.4009400000 0.0002200000 0.0002200000 0 2 0 2 0 1 0 1 87BuLoHaHo.83
1263.9875600000 0.0002200000 0.0002200000 0 2 0 3 0 1 0 2 87BuLoHaHo.84
1267.1246200000 0.0002200000 0.0002200000 0 2 0 5 0 1 0 4 87BuLoHaHo.85
1268.6758000000 0.0002200000 0.0002200000 0 2 0 6 0 1 0 5 87BuLoHaHo.86
1270.2145700000 0.0002200000 0.0002200000 0 2 0 7 0 1 0 6 87BuLoHaHo.87
1271.7412500000 0.0002200000 0.0002200000 0 2 0 8 0 1 0 7 87BuLoHaHo.88
1280.6455800000 0.0002200000 0.0002200000 0 2 0 14 0 1 0 13 87BuLoHaHo.89
1282.0867100000 0.0002200000 0.0002200000 0 2 0 15 0 1 0 14 87BuLoHaHo.90
1283.5157100000 0.0002200000 0.0002200000 0 2 0 16 0 1 0 15 87BuLoHaHo.91
1284.9324300000 0.0002200000 0.0002200000 0 2 0 17 0 1 0 16 87BuLoHaHo.92
1287.7283900000 0.0002200000 0.0002200000 0 2 0 19 0 1 0 18 87BuLoHaHo.93
1289.1076100000 0.0002200000 0.0002200000 0 2 0 20 0 1 0 19 87BuLoHaHo.94
1290.4746000000 0.0002200000 0.0002200000 0 2 0 21 0 1 0 20 87BuLoHaHo.95
1291.8284700000 0.0002200000 0.0002200000 0 2 0 22 0 1 0 21 87BuLoHaHo.96
1293.1702800000 0.0002200000 0.0002200000 0 2 0 23 0 1 0 22 87BuLoHaHo.97
1294.4992400000 0.0002200000 0.0002200000 0 2 0 24 0 1 0 23 87BuLoHaHo.98
1295.8161100000 0.0002200000 0.0002200000 0 2 0 25 0 1 0 24 87BuLoHaHo.99
1297.1198500000 0.0002200000 0.0002200000 0 2 0 26 0 1 0 25 87BuLoHaHo.100
1298.4111300000 0.0002200000 0.0002200000 0 2 0 27 0 1 0 26 87BuLoHaHo.101
1300.9551200000 0.0002200000 0.0002200000 0 2 0 29 0 1 0 28 87BuLoHaHo.102
1302.2080500000 0.0002200000 0.0002200000 0 2 0 30 0 1 0 29 87BuLoHaHo.103
1303.4480800000 0.0002200000 0.0002200000 0 2 0 31 0 1 0 30 87BuLoHaHo.104
1304.6747400000 0.0002200000 0.0002200000 0 2 0 32 0 1 0 31 87BuLoHaHo.105
281120.3220000000 0.0300002313 0.0300002313 0 6 0 6 0 6 0 5 99AhWi.1
278984.9610000000 0.0499993861 0.0499993861 0 7 0 6 0 7 0 5 99AhWi.2
276848.4130000000 0.0499993861 0.0499993861 0 8 0 6 0 8 0 5 99AhWi.3
274710.5900000000 0.0499993861 0.0499993861 0 9 0 6 0 9 0 5 99AhWi.4
272571.3980000000 0.0799996174 0.0799996174 0 10 0 6 0 10 0 5 99AhWi.5
270430.6790000000 0.0499993861 0.0499993861 0 11 0 6 0 11 0 5 99AhWi.6
268288.3350000000 0.0799996174 0.0799996174 0 12 0 6 0 12 0 5 99AhWi.7
266144.2090000000 0.0799996174 0.0799996174 0 13 0 6 0 13 0 5 99AhWi.8
263998.1280000000 0.0999987723 0.0999987723 0 14 0 6 0 14 0 5 99AhWi.9
261850.0090000000 0.0999987723 0.0999987723 0 15 0 6 0 15 0 5 99AhWi.10
259699.4810000000 0.4999998573 0.4999998573 0 16 0 6 0 16 0 5 99AhWi.11
325467.6750000000 0.0499993861 0.0499993861 0 7 0 7 0 7 0 6 99AhWi.12
322975.0200000000 0.0499993861 0.0499993861 0 8 0 7 0 8 0 6 99AhWi.13
320895.8950000000 0.0499993861 0.0499993861 0 9 0 7 0 9 0 6 99AhWi.14
317985.1200000000 0.0499993861 0.0499993861 0 10 0 7 0 10 0 6 99AhWi.15
315487.6000000000 0.0499993861 0.0499993861 0 11 0 7 0 11 0 6 99AhWi.16
312988.1800000000 0.0499993861 0.0499993861 0 12 0 7 0 12 0 6 99AhWi.17
310486.6600000000 0.0499993861 0.0499993861 0 13 0 7 0 13 0 6 99AhWi.18
307982.9300000000 0.0499993861 0.0499993861 0 14 0 7 0 14 0 6 99AhWi.19
305476.6700000000 0.0799996174 0.0799996174 0 15 0 7 0 15 0 6 99AhWi.20
302967.8250000000 0.0999987723 0.0999987723 0 16 0 7 0 16 0 6 99AhWi.21
587616.4850000000 0.0199991549 0.0199991549 0 0 0 12 0 0 0 11 99AhWi.22
583356.4950000000 0.0199991549 0.0199991549 0 1 0 12 0 1 0 11 99AhWi.23
579094.9720000000 0.0199991549 0.0199991549 0 2 0 12 0 2 0 11 99AhWi.24
574831.8220000000 0.0199991549 0.0199991549 0 3 0 12 0 3 0 11 99AhWi.25
636532.4600000000 0.0300002313 0.0300002313 0 0 0 13 0 0 0 12 99AhWi.26
631917.4100000000 0.0300002313 0.0300002313 0 1 0 13 0 1 0 12 99AhWi.27
627300.6949999999 0.0300002313 0.0300002313 0 2 0 13 0 2 0 12 99AhWi.28
622682.2300000000 0.0300002313 0.0300002313 0 3 0 13 0 3 0 12 99AhWi.29
618061.8680000000 0.0300002313 0.0300002313 0 4 0 13 0 4 0 12 99AhWi.30
613439.4750000000 0.0300002313 0.0300002313 0 5 0 13 0 5 0 12 99AhWi.31
670520.1000000000 0.0499993861 0.0499993861 0 3 0 14 0 3 0 13 99AhWi.32
665544.2400000000 0.0499993861 0.0499993861 0 4 0 14 0 4 0 13 99AhWi.33
660566.1700000000 0.0999987723 0.0999987723 0 5 0 14 0 5 0 13 99AhWi.34
929732.1250000000 0.0799996174 0.0799996174 0 0 0 19 0 0 0 18 99AhWi.35
922986.4850000000 0.0300002313 0.0300002313 0 1 0 19 0 1 0 18 99AhWi.36
916238.2550000000 0.0499993861 0.0499993861 0 2 0 19 0 2 0 18 99AhWi.37
909487.5450000000 0.0300002313 0.0300002313 0 3 0 19 0 3 0 18 99AhWi.38
902733.9750000000 0.0499993861 0.0499993861 0 4 0 19 0 4 0 18 99AhWi.39
895977.4150000000 0.0499993861 0.0499993861 0 5 0 19 0 5 0 18 99AhWi.40
971439.5400000000 0.0499993861 0.0499993861 0 1 0 20 0 1 0 19 99AhWi.41
964336.1050000000 0.0799996174 0.0799996174 0 2 0 20 0 2 0 19 99AhWi.42
957229.8850000000 0.0499993861 0.0499993861 0 3 0 20 0 3 0 19 99AhWi.43
950120.7400000000 0.0799996174 0.0799996174 0 4 0 20 0 4 0 19 99AhWi.44
943008.3450000000 0.0499993861 0.0499993861 0 5 0 20 0 5 0 19 99AhWi.45
935892.5300000000 0.0499993861 0.0499993861 0 6 0 20 0 6 0 19 99AhWi.46
928773.0300000000 0.0799996174 0.0799996174 0 7 0 20 0 7 0 19 99AhWi.47
921649.4500000000 0.0499993861 0.0499993861 0 8 0 20 0 8 0 19 99AhWi.48
914521.5400000000 0.0999987723 0.0999987723 0 9 0 20 0 9 0 19 99AhWi.49
1019873.4350000001 0.0799996174 0.0799996174 0 1 0 21 0 1 0 20 99AhWi.50
1012414.6500000000 0.0499993861 0.0499993861 0 2 0 21 0 2 0 20 99AhWi.51
1004952.8950000000 0.0799996174 0.0799996174 0 3 0 21 0 3 0 20 99AhWi.52
982548.2150000000 0.0799996174 0.0799996174 0 6 0 21 0 6 0 20 99AhWi.53
975072.4600000000 0.0799996174 0.0799996174 0 7 0 21 0 7 0 20 99AhWi.54
960108.0750000000 0.0999987723 0.0999987723 0 9 0 21 0 9 0 20 99AhWi.55
952618.5360000000 0.0499993861 0.0499993861 0 10 0 21 0 10 0 20 99AhWi.56
1076098.5249999999 0.2000005425 0.2000005425 0 0 0 22 0 0 0 21 99AhWi.57
1068287.1000000001 0.0499993861 0.0499993861 0 1 0 22 0 1 0 21 99AhWi.58
1060473.0649999999 0.0799996174 0.0799996174 0 2 0 22 0 2 0 21 99AhWi.59
1052655.7949999999 0.0499993861 0.0499993861 0 3 0 22 0 3 0 21 99AhWi.60
1044835.3750000000 0.0499993861 0.0499993861 0 4 0 22 0 4 0 21 99AhWi.61
1037011.3750000000 0.0999987723 0.0999987723 0 5 0 22 0 5 0 21 99AhWi.62
1029183.5699999999 0.0799996174 0.0799996174 0 6 0 22 0 6 0 21 99AhWi.63
1021351.6250000000 0.0799996174 0.0799996174 0 7 0 22 0 7 0 21 99AhWi.64
1013515.2750000000 0.0999987723 0.0999987723 0 8 0 22 0 8 0 21 99AhWi.65
1005674.0750000000 0.1500011564 0.1500011564 0 9 0 22 0 9 0 21 99AhWi.66
1075797.8000000000 0.4999998573 0.4999998573 0 6 0 23 0 6 0 22 99AhWi.67
1059416.6899999999 0.4999998573 0.4999998573 0 8 0 23 0 8 0 22 99AhWi.68
1273.7830 0.0020 0.0020 0 1 0 1 0 0 0 0 95RaBeDa.1
1275.3946 0.0020 0.0020 0 1 0 2 0 0 0 1 95RaBeDa.2
1270.5276 0.0020 0.0020 0 1 0 0 0 0 0 1 95RaBeDa.3
1276.9956 0.0020 0.0020 0 1 0 3 0 0 0 2 95RaBeDa.4
1268.8818 0.0020 0.0020 0 1 0 1 0 0 0 2 95RaBeDa.5
1278.5790 0.0020 0.0020 0 1 0 4 0 0 0 3 95RaBeDa.6
1267.2238 0.0020 0.0020 0 1 0 2 0 0 0 3 95RaBeDa.7
1280.1557 0.0020 0.0020 0 1 0 5 0 0 0 4 95RaBeDa.8
1265.5564 0.0020 0.0020 0 1 0 3 0 0 0 4 95RaBeDa.9
1281.7174 0.0020 0.0020 0 1 0 6 0 0 0 5 95RaBeDa.10
1263.8744 0.0020 0.0020 0 1 0 4 0 0 0 5 95RaBeDa.11
1283.2669 0.0020 0.0020 0 1 0 7 0 0 0 6 95RaBeDa.12
1262.1809 0.0020 0.0020 0 1 0 5 0 0 0 6 95RaBeDa.13
1284.8064 0.0020 0.0020 0 1 0 8 0 0 0 7 95RaBeDa.14
1260.4753 0.0020 0.0020 0 1 0 6 0 0 0 7 95RaBeDa.15
1286.3357 0.0020 0.0020 0 1 0 9 0 0 0 8 95RaBeDa.16
1258.7594 0.0020 0.0020 0 1 0 7 0 0 0 8 95RaBeDa.17
1257.0324 0.0020 0.0020 0 1 0 8 0 0 0 9 95RaBeDa.18
1255.2927 0.0020 0.0020 0 1 0 9 0 0 0 10 95RaBeDa.19
1295.2348 0.0020 0.0020 0 1 0 15 0 0 0 14 95RaBeDa.20
1248.2208 0.0020 0.0020 0 1 0 13 0 0 0 14 95RaBeDa.21
1296.6754 0.0020 0.0020 0 1 0 16 0 0 0 15 95RaBeDa.22
1246.4243 0.0020 0.0020 0 1 0 14 0 0 0 15 95RaBeDa.23
1298.1048 0.0020 0.0020 0 1 0 17 0 0 0 16 95RaBeDa.24
1244.6170 0.0020 0.0020 0 1 0 15 0 0 0 16 95RaBeDa.25
1299.5204 0.0020 0.0020 0 1 0 18 0 0 0 17 95RaBeDa.26
1242.7967 0.0020 0.0020 0 1 0 16 0 0 0 17 95RaBeDa.27
1300.9231 0.0020 0.0020 0 1 0 19 0 0 0 18 95RaBeDa.28
1240.9668 0.0020 0.0020 0 1 0 17 0 0 0 18 95RaBeDa.29
1302.3159 0.0020 0.0020 0 1 0 20 0 0 0 19 95RaBeDa.30
1239.1252 0.0020 0.0020 0 1 0 18 0 0 0 19 95RaBeDa.31
1303.6948 0.0020 0.0020 0 1 0 21 0 0 0 20 95RaBeDa.32
1237.2719 0.0020 0.0020 0 1 0 19 0 0 0 20 95RaBeDa.33
1305.0606 0.0020 0.0020 0 1 0 22 0 0 0 21 95RaBeDa.34
1235.4114 0.0020 0.0020 0 1 0 20 0 0 0 21 95RaBeDa.35
1306.4142 0.0020 0.0020 0 1 0 23 0 0 0 22 95RaBeDa.36
1233.5315 0.0020 0.0020 0 1 0 21 0 0 0 22 95RaBeDa.37
1307.7557 0.0020 0.0020 0 1 0 24 0 0 0 23 95RaBeDa.38
1231.6449 0.0020 0.0020 0 1 0 22 0 0 0 23 95RaBeDa.39
1309.0840 0.0020 0.0020 0 1 0 25 0 0 0 24 95RaBeDa.40
1229.7474 0.0020 0.0020 0 1 0 23 0 0 0 24 95RaBeDa.41
1310.4001 0.0020 0.0020 0 1 0 26 0 0 0 25 95RaBeDa.42
1227.8384 0.0020 0.0020 0 1 0 24 0 0 0 25 95RaBeDa.43
1311.7027 0.0020 0.0020 0 1 0 27 0 0 0 26 95RaBeDa.44
1225.9190 0.0020 0.0020 0 1 0 25 0 0 0 26 95RaBeDa.45
1312.9932 0.0020 0.0020 0 1 0 28 0 0 0 27 95RaBeDa.46
1223.9874 0.0020 0.0020 0 1 0 26 0 0 0 27 95RaBeDa.47
1314.2712 0.0020 0.0020 0 1 0 29 0 0 0 28 95RaBeDa.48
1222.0455 0.0020 0.0020 0 1 0 27 0 0 0 28 95RaBeDa.49
1315.5357 0.0020 0.0020 0 1 0 30 0 0 0 29 95RaBeDa.50
1220.0933 0.0020 0.0020 0 1 0 28 0 0 0 29 95RaBeDa.51
1316.7873 0.0020 0.0020 0 1 0 31 0 0 0 30 95RaBeDa.52
1218.1299 0.0020 0.0020 0 1 0 29 0 0 0 30 95RaBeDa.53
1318.0272 0.0020 0.0020 0 1 0 32 0 0 0 31 95RaBeDa.54
1216.1551 0.0020 0.0020 0 1 0 30 0 0 0 31 95RaBeDa.55
1319.2535 0.0020 0.0020 0 1 0 33 0 0 0 32 95RaBeDa.56
1214.1699 0.0020 0.0020 0 1 0 31 0 0 0 32 95RaBeDa.57
1320.4663 0.0020 0.0020 0 1 0 34 0 0 0 33 95RaBeDa.58
1212.1725 0.0020 0.0020 0 1 0 32 0 0 0 33 95RaBeDa.59
1321.6637 0.0020 0.0020 0 1 0 35 0 0 0 34 95RaBeDa.60
1210.1654 0.0020 0.0020 0 1 0 33 0 0 0 34 95RaBeDa.61
1322.8545 0.0020 0.0020 0 1 0 36 0 0 0 35 95RaBeDa.62
1208.1438 0.0020 0.0020 0 1 0 34 0 0 0 35 95RaBeDa.63
1324.0277 0.0020 0.0020 0 1 0 37 0 0 0 36 95RaBeDa.64
1206.1197 0.0020 0.0020 0 1 0 35 0 0 0 36 95RaBeDa.65
1325.1894 0.0020 0.0020 0 1 0 38 0 0 0 37 95RaBeDa.66
1204.0799 0.0020 0.0020 0 1 0 36 0 0 0 37 95RaBeDa.67
1326.3381 0.0020 0.0020 0 1 0 39 0 0 0 38 95RaBeDa.68
1202.0296 0.0020 0.0020 0 1 0 37 0 0 0 38 95RaBeDa.69
1327.4732 0.0020 0.0020 0 1 0 40 0 0 0 39 95RaBeDa.70
1199.9688 0.0020 0.0020 0 1 0 38 0 0 0 39 95RaBeDa.71
1328.5963 0.0020 0.0020 0 1 0 41 0 0 0 40 95RaBeDa.72
1197.8986 0.0020 0.0020 0 1 0 39 0 0 0 40 95RaBeDa.73
1329.7042 0.0020 0.0020 0 1 0 42 0 0 0 41 95RaBeDa.74
1195.8165 0.0020 0.0020 0 1 0 40 0 0 0 41 95RaBeDa.75
1330.8003 0.0020 0.0020 0 1 0 43 0 0 0 42 95RaBeDa.76
1193.7226 0.0020 0.0020 0 1 0 41 0 0 0 42 95RaBeDa.77
1331.8825 0.0020 0.0020 0 1 0 44 0 0 0 43 95RaBeDa.78
1191.6208 0.0020 0.0020 0 1 0 42 0 0 0 43 95RaBeDa.79
1332.9517 0.0020 0.0020 0 1 0 45 0 0 0 44 95RaBeDa.80
1189.5069 0.0020 0.0020 0 1 0 43 0 0 0 44 95RaBeDa.81
1334.0075 0.0020 0.0020 0 1 0 46 0 0 0 45 95RaBeDa.82
1187.3836 0.0020 0.0020 0 1 0 44 0 0 0 45 95RaBeDa.83
1335.0491 0.0020 0.0020 0 1 0 47 0 0 0 46 95RaBeDa.84
1185.2492 0.0020 0.0020 0 1 0 45 0 0 0 46 95RaBeDa.85
1336.0786 0.0020 0.0020 0 1 0 48 0 0 0 47 95RaBeDa.86
1183.1040 0.0020 0.0020 0 1 0 46 0 0 0 47 95RaBeDa.87
1337.0943 0.0020 0.0020 0 1 0 49 0 0 0 48 95RaBeDa.88
1180.9478 0.0020 0.0020 0 1 0 47 0 0 0 48 95RaBeDa.89
1338.0962 0.0020 0.0020 0 1 0 50 0 0 0 49 95RaBeDa.90
1178.7836 0.0020 0.0020 0 1 0 48 0 0 0 49 95RaBeDa.91
1339.0845 0.0020 0.0020 0 1 0 51 0 0 0 50 95RaBeDa.92
1176.6079 0.0020 0.0020 0 1 0 49 0 0 0 50 95RaBeDa.93
1340.0595 0.0020 0.0020 0 1 0 52 0 0 0 51 95RaBeDa.94
1174.4215 0.0020 0.0020 0 1 0 50 0 0 0 51 95RaBeDa.95
1341.0218 0.0020 0.0020 0 1 0 53 0 0 0 52 95RaBeDa.96
1172.2255 0.0020 0.0020 0 1 0 51 0 0 0 52 95RaBeDa.97
1341.9698 0.0020 0.0020 0 1 0 54 0 0 0 53 95RaBeDa.98
1170.0186 0.0020 0.0020 0 1 0 52 0 0 0 53 95RaBeDa.99
1342.9041 0.0020 0.0020 0 1 0 55 0 0 0 54 95RaBeDa.100
1167.8014 0.0020 0.0020 0 1 0 53 0 0 0 54 95RaBeDa.101
1343.8251 0.0020 0.0020 0 1 0 56 0 0 0 55 95RaBeDa.102
1165.5757 0.0020 0.0020 0 1 0 54 0 0 0 55 95RaBeDa.103
1344.7312 0.0020 0.0020 0 1 0 57 0 0 0 56 95RaBeDa.104
1163.3382 0.0020 0.0020 0 1 0 55 0 0 0 56 95RaBeDa.105
1345.6242 0.0020 0.0020 0 1 0 58 0 0 0 57 95RaBeDa.106
1161.0911 0.0020 0.0020 0 1 0 56 0 0 0 57 95RaBeDa.107
1346.5050 0.0020 0.0020 0 1 0 59 0 0 0 58 95RaBeDa.108
1158.8336 0.0020 0.0020 0 1 0 57 0 0 0 58 95RaBeDa.109
1347.3696 0.0020 0.0020 0 1 0 60 0 0 0 59 95RaBeDa.110
1156.5660 0.0020 0.0020 0 1 0 58 0 0 0 59 95RaBeDa.111
1348.2210 0.0020 0.0020 0 1 0 61 0 0 0 60 95RaBeDa.112
1154.2918 0.0020 0.0020 0 1 0 59 0 0 0 60 95RaBeDa.113
1349.0604 0.0020 0.0020 0 1 0 62 0 0 0 61 95RaBeDa.114
1152.0020 0.0020 0.0020 0 1 0 60 0 0 0 61 95RaBeDa.115
1349.8848 0.0020 0.0020 0 1 0 63 0 0 0 62 95RaBeDa.116
1149.7027 0.0020 0.0020 0 1 0 61 0 0 0 62 95RaBeDa.117
1350.6949 0.0020 0.0020 0 1 0 64 0 0 0 63 95RaBeDa.118
1147.3972 0.0020 0.0020 0 1 0 62 0 0 0 63 95RaBeDa.119
1351.4911 0.0020 0.0020 0 1 0 65 0 0 0 64 95RaBeDa.120
1145.0805 0.0020 0.0020 0 1 0 63 0 0 0 64 95RaBeDa.121
1352.2725 0.0020 0.0020 0 1 0 66 0 0 0 65 95RaBeDa.122
1142.7558 0.0020 0.0020 0 1 0 64 0 0 0 65 95RaBeDa.123
1353.0413 0.0020 0.0020 0 1 0 67 0 0 0 66 95RaBeDa.124
1140.4167 0.0020 0.0020 0 1 0 65 0 0 0 66 95RaBeDa.125
1353.7956 0.0020 0.0020 0 1 0 68 0 0 0 67 95RaBeDa.126
1138.0696 0.0020 0.0020 0 1 0 66 0 0 0 67 95RaBeDa.127
1354.5356 0.0020 0.0020 0 1 0 69 0 0 0 68 95RaBeDa.128
1135.7119 0.0020 0.0020 0 1 0 67 0 0 0 68 95RaBeDa.129
1355.2614 0.0020 0.0020 0 1 0 70 0 0 0 69 95RaBeDa.130
1133.3471 0.0020 0.0020 0 1 0 68 0 0 0 69 95RaBeDa.131
1355.9732 0.0020 0.0020 0 1 0 71 0 0 0 70 95RaBeDa.132
1130.9711 0.0020 0.0020 0 1 0 69 0 0 0 70 95RaBeDa.133
1356.6696 0.0020 0.0020 0 1 0 72 0 0 0 71 95RaBeDa.134
1128.5860 0.0020 0.0020 0 1 0 70 0 0 0 71 95RaBeDa.135
1357.3537 0.0020 0.0020 0 1 0 73 0 0 0 72 95RaBeDa.136
1126.1907 0.0020 0.0020 0 1 0 71 0 0 0 72 95RaBeDa.137
1123.7862 0.0020 0.0020 0 1 0 72 0 0 0 73 95RaBeDa.138
1358.6775 0.0020 0.0020 0 1 0 75 0 0 0 74 95RaBeDa.139
1121.3712 0.0020 0.0020 0 1 0 73 0 0 0 74 95RaBeDa.140
1359.3167 0.0020 0.0020 0 1 0 76 0 0 0 75 95RaBeDa.141
1118.9479 0.0020 0.0020 0 1 0 74 0 0 0 75 95RaBeDa.142
1359.9434 0.0020 0.0020 0 1 0 77 0 0 0 76 95RaBeDa.143
1116.5139 0.0020 0.0020 0 1 0 75 0 0 0 76 95RaBeDa.144
1360.5556 0.0020 0.0020 0 1 0 78 0 0 0 77 95RaBeDa.145
1114.0654 0.0020 0.0020 0 1 0 76 0 0 0 77 95RaBeDa.146
1111.6178 0.0020 0.0020 0 1 0 77 0 0 0 78 95RaBeDa.147
1361.7347 0.0020 0.0020 0 1 0 80 0 0 0 79 95RaBeDa.148
1109.1572 0.0020 0.0020 0 1 0 78 0 0 0 79 95RaBeDa.149
1362.3020 0.0020 0.0020 0 1 0 81 0 0 0 80 95RaBeDa.150
1106.6886 0.0020 0.0020 0 1 0 79 0 0 0 80 95RaBeDa.151
1104.2023 0.0020 0.0020 0 1 0 80 0 0 0 81 95RaBeDa.152
1101.7130 0.0020 0.0020 0 1 0 81 0 0 0 82 95RaBeDa.153
1363.9202 0.0020 0.0020 0 1 0 84 0 0 0 83 95RaBeDa.154
1099.2133 0.0020 0.0020 0 1 0 82 0 0 0 83 95RaBeDa.155
1364.4302 0.0020 0.0020 0 1 0 85 0 0 0 84 95RaBeDa.156
1096.7033 0.0020 0.0020 0 1 0 83 0 0 0 84 95RaBeDa.157
1364.9255 0.0020 0.0020 0 1 0 86 0 0 0 85 95RaBeDa.158
1094.1848 0.0020 0.0020 0 1 0 84 0 0 0 85 95RaBeDa.159
1365.4044 0.0020 0.0020 0 1 0 87 0 0 0 86 95RaBeDa.160
1091.6574 0.0020 0.0020 0 1 0 85 0 0 0 86 95RaBeDa.161
1365.8705 0.0020 0.0020 0 1 0 88 0 0 0 87 95RaBeDa.162
1089.1203 0.0020 0.0020 0 1 0 86 0 0 0 87 95RaBeDa.163
1366.3206 0.0020 0.0020 0 1 0 89 0 0 0 88 95RaBeDa.164
1086.5758 0.0020 0.0020 0 1 0 87 0 0 0 88 95RaBeDa.165
1366.7561 0.0020 0.0020 0 1 0 90 0 0 0 89 95RaBeDa.166
1084.0189 0.0020 0.0020 0 1 0 88 0 0 0 89 95RaBeDa.167
1367.1777 0.0020 0.0020 0 1 0 91 0 0 0 90 95RaBeDa.168
1081.4545 0.0020 0.0020 0 1 0 89 0 0 0 90 95RaBeDa.169
1367.5835 0.0020 0.0020 0 1 0 92 0 0 0 91 95RaBeDa.170
1078.8827 0.0020 0.0020 0 1 0 90 0 0 0 91 95RaBeDa.171
1367.9732 0.0020 0.0020 0 1 0 93 0 0 0 92 95RaBeDa.172
1076.2977 0.0020 0.0020 0 1 0 91 0 0 0 92 95RaBeDa.173
1368.3485 0.0020 0.0020 0 1 0 94 0 0 0 93 95RaBeDa.174
1073.7066 0.0020 0.0020 0 1 0 92 0 0 0 93 95RaBeDa.175
1071.1051 0.0020 0.0020 0 1 0 93 0 0 0 94 95RaBeDa.176
1369.0564 0.0020 0.0020 0 1 0 96 0 0 0 95 95RaBeDa.177
1068.4972 0.0020 0.0020 0 1 0 94 0 0 0 95 95RaBeDa.178
1369.3857 0.0020 0.0020 0 1 0 97 0 0 0 96 95RaBeDa.179
1065.8763 0.0020 0.0020 0 1 0 95 0 0 0 96 95RaBeDa.180
1063.2494 0.0020 0.0020 0 1 0 96 0 0 0 97 95RaBeDa.181
1370.0057 0.0020 0.0020 0 1 0 99 0 0 0 98 95RaBeDa.182
1060.6102 0.0020 0.0020 0 1 0 97 0 0 0 98 95RaBeDa.183
1370.2899 0.0020 0.0020 0 1 0 100 0 0 0 99 95RaBeDa.184
1057.9677 0.0020 0.0020 0 1 0 98 0 0 0 99 95RaBeDa.185
1370.5570 0.0020 0.0020 0 1 0 101 0 0 0 100 95RaBeDa.186
1055.3106 0.0020 0.0020 0 1 0 99 0 0 0 100 95RaBeDa.187
1370.8134 0.0020 0.0020 0 1 0 102 0 0 0 101 95RaBeDa.188
1052.6453 0.0020 0.0020 0 1 0 100 0 0 0 101 95RaBeDa.189
1371.0528 0.0020 0.0020 0 1 0 103 0 0 0 102 95RaBeDa.190
1049.9743 0.0020 0.0020 0 1 0 101 0 0 0 102 95RaBeDa.191
1371.2762 0.0020 0.0020 0 1 0 104 0 0 0 103 95RaBeDa.192
1047.2868 0.0020 0.0020 0 1 0 102 0 0 0 103 95RaBeDa.193
1371.4873 0.0020 0.0020 0 1 0 105 0 0 0 104 95RaBeDa.194
1044.6013 0.0020 0.0020 0 1 0 103 0 0 0 104 95RaBeDa.195
1371.6773 0.0020 0.0020 0 1 0 106 0 0 0 105 95RaBeDa.196
1041.9091 0.0020 0.0020 0 1 0 104 0 0 0 105 95RaBeDa.197
1371.8550 0.0020 0.0020 0 1 0 107 0 0 0 106 95RaBeDa.198
1039.2019 0.0020 0.0020 0 1 0 105 0 0 0 106 95RaBeDa.199
1372.0180 0.0020 0.0020 0 1 0 108 0 0 0 107 95RaBeDa.200
1372.4116 0.0020 0.0020 0 1 0 111 0 0 0 110 95RaBeDa.201
1372.5092 0.0020 0.0020 0 1 0 112 0 0 0 111 95RaBeDa.202
1372.5983 0.0020 0.0020 0 1 0 113 0 0 0 112 95RaBeDa.203
1260.8031 0.0020 0.0020 0 2 0 1 0 1 0 0 95RaBeDa.204
1262.4011 0.0020 0.0020 0 2 0 2 0 1 0 1 95RaBeDa.205
1257.5665 0.0020 0.0020 0 2 0 0 0 1 0 1 95RaBeDa.206
1263.9874 0.0020 0.0020 0 2 0 3 0 1 0 2 95RaBeDa.207
1255.9363 0.0020 0.0020 0 2 0 1 0 1 0 2 95RaBeDa.208
1265.5614 0.0020 0.0020 0 2 0 4 0 1 0 3 95RaBeDa.209
1254.2903 0.0020 0.0020 0 2 0 2 0 1 0 3 95RaBeDa.210
1267.1243 0.0020 0.0020 0 2 0 5 0 1 0 4 95RaBeDa.211
1252.6305 0.0020 0.0020 0 2 0 3 0 1 0 4 95RaBeDa.212
1268.6758 0.0020 0.0020 0 2 0 6 0 1 0 5 95RaBeDa.213
1250.9612 0.0020 0.0020 0 2 0 4 0 1 0 5 95RaBeDa.214
1270.2144 0.0020 0.0020 0 2 0 7 0 1 0 6 95RaBeDa.215
1249.2815 0.0020 0.0020 0 2 0 5 0 1 0 6 95RaBeDa.216
1247.5881 0.0020 0.0020 0 2 0 6 0 1 0 7 95RaBeDa.217
1245.8838 0.0020 0.0020 0 2 0 7 0 1 0 8 95RaBeDa.218
1274.7580 0.0020 0.0020 0 2 0 10 0 1 0 9 95RaBeDa.219
1244.1712 0.0020 0.0020 0 2 0 8 0 1 0 9 95RaBeDa.220
1240.7020 0.0020 0.0020 0 2 0 10 0 1 0 11 95RaBeDa.221
1280.6460 0.0020 0.0020 0 2 0 14 0 1 0 13 95RaBeDa.222
1282.0860 0.0020 0.0020 0 2 0 15 0 1 0 14 95RaBeDa.223
1283.5160 0.0020 0.0020 0 2 0 16 0 1 0 15 95RaBeDa.224
1233.6312 0.0020 0.0020 0 2 0 14 0 1 0 15 95RaBeDa.225
1284.9323 0.0020 0.0020 0 2 0 17 0 1 0 16 95RaBeDa.226
1231.8350 0.0020 0.0020 0 2 0 15 0 1 0 16 95RaBeDa.227
1286.3357 0.0020 0.0020 0 2 0 18 0 1 0 17 95RaBeDa.228
1230.0273 0.0020 0.0020 0 2 0 16 0 1 0 17 95RaBeDa.229
1287.7281 0.0020 0.0020 0 2 0 19 0 1 0 18 95RaBeDa.230
1228.2082 0.0020 0.0020 0 2 0 17 0 1 0 18 95RaBeDa.231
1289.1072 0.0020 0.0020 0 2 0 20 0 1 0 19 95RaBeDa.232
1226.3789 0.0020 0.0020 0 2 0 18 0 1 0 19 95RaBeDa.233
1290.4734 0.0020 0.0020 0 2 0 21 0 1 0 20 95RaBeDa.234
1224.5368 0.0020 0.0020 0 2 0 19 0 1 0 20 95RaBeDa.235
1291.8290 0.0020 0.0020 0 2 0 22 0 1 0 21 95RaBeDa.236
1222.6849 0.0020 0.0020 0 2 0 20 0 1 0 21 95RaBeDa.237
1293.1700 0.0020 0.0020 0 2 0 23 0 1 0 22 95RaBeDa.238
1220.8203 0.0020 0.0020 0 2 0 21 0 1 0 22 95RaBeDa.239
1294.4994 0.0020 0.0020 0 2 0 24 0 1 0 23 95RaBeDa.240
1218.9464 0.0020 0.0020 0 2 0 22 0 1 0 23 95RaBeDa.241
1295.8157 0.0020 0.0020 0 2 0 25 0 1 0 24 95RaBeDa.242
1217.0602 0.0020 0.0020 0 2 0 23 0 1 0 24 95RaBeDa.243
1297.1198 0.0020 0.0020 0 2 0 26 0 1 0 25 95RaBeDa.244
1215.1634 0.0020 0.0020 0 2 0 24 0 1 0 25 95RaBeDa.245
1298.4097 0.0020 0.0020 0 2 0 27 0 1 0 26 95RaBeDa.246
1213.2543 0.0020 0.0020 0 2 0 25 0 1 0 26 95RaBeDa.247
1299.6886 0.0020 0.0020 0 2 0 28 0 1 0 27 95RaBeDa.248
1211.3350 0.0020 0.0020 0 2 0 26 0 1 0 27 95RaBeDa.249
1300.9544 0.0020 0.0020 0 2 0 29 0 1 0 28 95RaBeDa.250
1209.4058 0.0020 0.0020 0 2 0 27 0 1 0 28 95RaBeDa.251
1302.2076 0.0020 0.0020 0 2 0 30 0 1 0 29 95RaBeDa.252
1207.4638 0.0020 0.0020 0 2 0 28 0 1 0 29 95RaBeDa.253
1303.4473 0.0020 0.0020 0 2 0 31 0 1 0 30 95RaBeDa.254
1205.5130 0.0020 0.0020 0 2 0 29 0 1 0 30 95RaBeDa.255
1304.6757 0.0020 0.0020 0 2 0 32 0 1 0 31 95RaBeDa.256
1203.5503 0.0020 0.0020 0 2 0 30 0 1 0 31 95RaBeDa.257
1305.8893 0.0020 0.0020 0 2 0 33 0 1 0 32 95RaBeDa.258
1201.5750 0.0020 0.0020 0 2 0 31 0 1 0 32 95RaBeDa.259
1307.0901 0.0020 0.0020 0 2 0 34 0 1 0 33 95RaBeDa.260
1199.5912 0.0020 0.0020 0 2 0 32 0 1 0 33 95RaBeDa.261
1308.2796 0.0020 0.0020 0 2 0 35 0 1 0 34 95RaBeDa.262
1197.5962 0.0020 0.0020 0 2 0 33 0 1 0 34 95RaBeDa.263
1309.4544 0.0020 0.0020 0 2 0 36 0 1 0 35 95RaBeDa.264
1195.5898 0.0020 0.0020 0 2 0 34 0 1 0 35 95RaBeDa.265
1310.6176 0.0020 0.0020 0 2 0 37 0 1 0 36 95RaBeDa.266
1193.5725 0.0020 0.0020 0 2 0 35 0 1 0 36 95RaBeDa.267
1311.7682 0.0020 0.0020 0 2 0 38 0 1 0 37 95RaBeDa.268
1191.5452 0.0020 0.0020 0 2 0 36 0 1 0 37 95RaBeDa.269
1312.9022 0.0020 0.0020 0 2 0 39 0 1 0 38 95RaBeDa.270
1189.5069 0.0020 0.0020 0 2 0 37 0 1 0 38 95RaBeDa.271
1314.0257 0.0020 0.0020 0 2 0 40 0 1 0 39 95RaBeDa.272
1187.4578 0.0020 0.0020 0 2 0 38 0 1 0 39 95RaBeDa.273
1315.1354 0.0020 0.0020 0 2 0 41 0 1 0 40 95RaBeDa.274
1185.3984 0.0020 0.0020 0 2 0 39 0 1 0 40 95RaBeDa.275
1316.2324 0.0020 0.0020 0 2 0 42 0 1 0 41 95RaBeDa.276
1183.3284 0.0020 0.0020 0 2 0 40 0 1 0 41 95RaBeDa.277
1317.3158 0.0020 0.0020 0 2 0 43 0 1 0 42 95RaBeDa.278
1181.2467 0.0020 0.0020 0 2 0 41 0 1 0 42 95RaBeDa.279
1318.3859 0.0020 0.0020 0 2 0 44 0 1 0 43 95RaBeDa.280
1179.1550 0.0020 0.0020 0 2 0 42 0 1 0 43 95RaBeDa.281
1319.4429 0.0020 0.0020 0 2 0 45 0 1 0 44 95RaBeDa.282
1177.0538 0.0020 0.0020 0 2 0 43 0 1 0 44 95RaBeDa.283
1320.4871 0.0020 0.0020 0 2 0 46 0 1 0 45 95RaBeDa.284
1174.9406 0.0020 0.0020 0 2 0 44 0 1 0 45 95RaBeDa.285
1321.5189 0.0020 0.0020 0 2 0 47 0 1 0 46 95RaBeDa.286
1172.8193 0.0020 0.0020 0 2 0 45 0 1 0 46 95RaBeDa.287
1322.5338 0.0020 0.0020 0 2 0 48 0 1 0 47 95RaBeDa.288
1170.6858 0.0020 0.0020 0 2 0 46 0 1 0 47 95RaBeDa.289
1323.5367 0.0020 0.0020 0 2 0 49 0 1 0 48 95RaBeDa.290
1168.5449 0.0020 0.0020 0 2 0 47 0 1 0 48 95RaBeDa.291
1324.5274 0.0020 0.0020 0 2 0 50 0 1 0 49 95RaBeDa.292
1166.3883 0.0020 0.0020 0 2 0 48 0 1 0 49 95RaBeDa.293
1325.5061 0.0020 0.0020 0 2 0 51 0 1 0 50 95RaBeDa.294
1164.2250 0.0020 0.0020 0 2 0 49 0 1 0 50 95RaBeDa.295
1326.4661 0.0020 0.0020 0 2 0 52 0 1 0 51 95RaBeDa.296
1162.0506 0.0020 0.0020 0 2 0 50 0 1 0 51 95RaBeDa.297
1327.4160 0.0020 0.0020 0 2 0 53 0 1 0 52 95RaBeDa.298
1159.8637 0.0020 0.0020 0 2 0 51 0 1 0 52 95RaBeDa.299
1328.3498 0.0020 0.0020 0 2 0 54 0 1 0 53 95RaBeDa.300
1157.6708 0.0020 0.0020 0 2 0 52 0 1 0 53 95RaBeDa.301
1329.2743 0.0020 0.0020 0 2 0 55 0 1 0 54 95RaBeDa.302
1155.4656 0.0020 0.0020 0 2 0 53 0 1 0 54 95RaBeDa.303
1330.1830 0.0020 0.0020 0 2 0 56 0 1 0 55 95RaBeDa.304
1153.2503 0.0020 0.0020 0 2 0 54 0 1 0 55 95RaBeDa.305
1331.0776 0.0020 0.0020 0 2 0 57 0 1 0 56 95RaBeDa.306
1151.0248 0.0020 0.0020 0 2 0 55 0 1 0 56 95RaBeDa.307
1331.9586 0.0020 0.0020 0 2 0 58 0 1 0 57 95RaBeDa.308
1148.7890 0.0020 0.0020 0 2 0 56 0 1 0 57 95RaBeDa.309
1332.8259 0.0020 0.0020 0 2 0 59 0 1 0 58 95RaBeDa.310
1146.5438 0.0020 0.0020 0 2 0 57 0 1 0 58 95RaBeDa.311
1333.6798 0.0020 0.0020 0 2 0 60 0 1 0 59 95RaBeDa.312
1144.2875 0.0020 0.0020 0 2 0 58 0 1 0 59 95RaBeDa.313
1334.5190 0.0020 0.0020 0 2 0 61 0 1 0 60 95RaBeDa.314
1142.0221 0.0020 0.0020 0 2 0 59 0 1 0 60 95RaBeDa.315
1335.3453 0.0020 0.0020 0 2 0 62 0 1 0 61 95RaBeDa.316
1139.7463 0.0020 0.0020 0 2 0 60 0 1 0 61 95RaBeDa.317
1336.1568 0.0020 0.0020 0 2 0 63 0 1 0 62 95RaBeDa.318
1137.4610 0.0020 0.0020 0 2 0 61 0 1 0 62 95RaBeDa.319
1336.9547 0.0020 0.0020 0 2 0 64 0 1 0 63 95RaBeDa.320
1135.1648 0.0020 0.0020 0 2 0 62 0 1 0 63 95RaBeDa.321
1337.7387 0.0020 0.0020 0 2 0 65 0 1 0 64 95RaBeDa.322
1132.8597 0.0020 0.0020 0 2 0 63 0 1 0 64 95RaBeDa.323
1130.5442 0.0020 0.0020 0 2 0 64 0 1 0 65 95RaBeDa.324
1339.2642 0.0020 0.0020 0 2 0 67 0 1 0 66 95RaBeDa.325
1128.2189 0.0020 0.0020 0 2 0 65 0 1 0 66 95RaBeDa.326
1340.0055 0.0020 0.0020 0 2 0 68 0 1 0 67 95RaBeDa.327
1125.8837 0.0020 0.0020 0 2 0 66 0 1 0 67 95RaBeDa.328
1340.7341 0.0020 0.0020 0 2 0 69 0 1 0 68 95RaBeDa.329
1123.5393 0.0020 0.0020 0 2 0 67 0 1 0 68 95RaBeDa.330
1341.4478 0.0020 0.0020 0 2 0 70 0 1 0 69 95RaBeDa.331
1121.1839 0.0020 0.0020 0 2 0 68 0 1 0 69 95RaBeDa.332
1342.1462 0.0020 0.0020 0 2 0 71 0 1 0 70 95RaBeDa.333
1118.8207 0.0020 0.0020 0 2 0 69 0 1 0 70 95RaBeDa.334
1342.8317 0.0020 0.0020 0 2 0 72 0 1 0 71 95RaBeDa.335
1116.4453 0.0020 0.0020 0 2 0 70 0 1 0 71 95RaBeDa.336
1343.5032 0.0020 0.0020 0 2 0 73 0 1 0 72 95RaBeDa.337
1114.0654 0.0020 0.0020 0 2 0 71 0 1 0 72 95RaBeDa.338
1344.1597 0.0020 0.0020 0 2 0 74 0 1 0 73 95RaBeDa.339
1111.6679 0.0020 0.0020 0 2 0 72 0 1 0 73 95RaBeDa.340
1344.8014 0.0020 0.0020 0 2 0 75 0 1 0 74 95RaBeDa.341
1109.2658 0.0020 0.0020 0 2 0 73 0 1 0 74 95RaBeDa.342
1345.4304 0.0020 0.0020 0 2 0 76 0 1 0 75 95RaBeDa.343
1106.8528 0.0020 0.0020 0 2 0 74 0 1 0 75 95RaBeDa.344
1346.0431 0.0020 0.0020 0 2 0 77 0 1 0 76 95RaBeDa.345
1104.4318 0.0020 0.0020 0 2 0 75 0 1 0 76 95RaBeDa.346
1346.6439 0.0020 0.0020 0 2 0 78 0 1 0 77 95RaBeDa.347
1101.9982 0.0020 0.0020 0 2 0 76 0 1 0 77 95RaBeDa.348
1347.2268 0.0020 0.0020 0 2 0 79 0 1 0 78 95RaBeDa.349
1099.5571 0.0020 0.0020 0 2 0 77 0 1 0 78 95RaBeDa.350
1347.7981 0.0020 0.0020 0 2 0 80 0 1 0 79 95RaBeDa.351
1097.1072 0.0020 0.0020 0 2 0 78 0 1 0 79 95RaBeDa.352
1348.3527 0.0020 0.0020 0 2 0 81 0 1 0 80 95RaBeDa.353
1094.6470 0.0020 0.0020 0 2 0 79 0 1 0 80 95RaBeDa.354
1348.8944 0.0020 0.0020 0 2 0 82 0 1 0 81 95RaBeDa.355
1092.1772 0.0020 0.0020 0 2 0 80 0 1 0 81 95RaBeDa.356
1089.7001 0.0020 0.0020 0 2 0 81 0 1 0 82 95RaBeDa.357
1349.9310 0.0020 0.0020 0 2 0 84 0 1 0 83 95RaBeDa.358
1087.2105 0.0020 0.0020 0 2 0 82 0 1 0 83 95RaBeDa.359
1350.4303 0.0020 0.0020 0 2 0 85 0 1 0 84 95RaBeDa.360
1084.7139 0.0020 0.0020 0 2 0 83 0 1 0 84 95RaBeDa.361
1350.9107 0.0020 0.0020 0 2 0 86 0 1 0 85 95RaBeDa.362
1082.2087 0.0020 0.0020 0 2 0 84 0 1 0 85 95RaBeDa.363
1351.3797 0.0020 0.0020 0 2 0 87 0 1 0 86 95RaBeDa.364
1079.6898 0.0020 0.0020 0 2 0 85 0 1 0 86 95RaBeDa.365
1351.8315 0.0020 0.0020 0 2 0 88 0 1 0 87 95RaBeDa.366
1077.1644 0.0020 0.0020 0 2 0 86 0 1 0 87 95RaBeDa.367
1352.2725 0.0020 0.0020 0 2 0 89 0 1 0 88 95RaBeDa.368
1074.6296 0.0020 0.0020 0 2 0 87 0 1 0 88 95RaBeDa.369
1352.6941 0.0020 0.0020 0 2 0 90 0 1 0 89 95RaBeDa.370
1072.0856 0.0020 0.0020 0 2 0 88 0 1 0 89 95RaBeDa.371
1353.1000 0.0020 0.0020 0 2 0 91 0 1 0 90 95RaBeDa.372
1069.5330 0.0020 0.0020 0 2 0 89 0 1 0 90 95RaBeDa.373
1353.4943 0.0020 0.0020 0 2 0 92 0 1 0 91 95RaBeDa.374
1066.9690 0.0020 0.0020 0 2 0 90 0 1 0 91 95RaBeDa.375
1353.8713 0.0020 0.0020 0 2 0 93 0 1 0 92 95RaBeDa.376
1064.3986 0.0020 0.0020 0 2 0 91 0 1 0 92 95RaBeDa.377
1354.2364 0.0020 0.0020 0 2 0 94 0 1 0 93 95RaBeDa.378
1061.8191 0.0020 0.0020 0 2 0 92 0 1 0 93 95RaBeDa.379
1354.5817 0.0020 0.0020 0 2 0 95 0 1 0 94 95RaBeDa.380
1059.2282 0.0020 0.0020 0 2 0 93 0 1 0 94 95RaBeDa.381
1056.6308 0.0020 0.0020 0 2 0 94 0 1 0 95 95RaBeDa.382
1355.2356 0.0020 0.0020 0 2 0 97 0 1 0 96 95RaBeDa.383
1054.0265 0.0020 0.0020 0 2 0 95 0 1 0 96 95RaBeDa.384
1355.5388 0.0020 0.0020 0 2 0 98 0 1 0 97 95RaBeDa.385
1051.4162 0.0020 0.0020 0 2 0 96 0 1 0 97 95RaBeDa.386
1355.8261 0.0020 0.0020 0 2 0 99 0 1 0 98 95RaBeDa.387
1048.7847 0.0020 0.0020 0 2 0 97 0 1 0 98 95RaBeDa.388
1356.0970 0.0020 0.0020 0 2 0 100 0 1 0 99 95RaBeDa.389
1046.1452 0.0020 0.0020 0 2 0 98 0 1 0 99 95RaBeDa.390
1356.3558 0.0020 0.0020 0 2 0 101 0 1 0 100 95RaBeDa.391
1043.5061 0.0020 0.0020 0 2 0 99 0 1 0 100 95RaBeDa.392
1356.5990 0.0020 0.0020 0 2 0 102 0 1 0 101 95RaBeDa.393
1040.8516 0.0020 0.0020 0 2 0 100 0 1 0 101 95RaBeDa.394
1356.8232 0.0020 0.0020 0 2 0 103 0 1 0 102 95RaBeDa.395
1357.2298 0.0020 0.0020 0 2 0 105 0 1 0 104 95RaBeDa.396
1357.4092 0.0020 0.0020 0 2 0 106 0 1 0 105 95RaBeDa.397
1357.5752 0.0020 0.0020 0 2 0 107 0 1 0 106 95RaBeDa.398
1357.7232 0.0020 0.0020 0 2 0 108 0 1 0 107 95RaBeDa.399
1357.8564 0.0020 0.0020 0 2 0 109 0 1 0 108 95RaBeDa.400
1358.1622 0.0020 0.0020 0 2 0 112 0 1 0 111 95RaBeDa.401
1358.2315 0.0020 0.0020 0 2 0 113 0 1 0 112 95RaBeDa.402
1358.2882 0.0020 0.0020 0 2 0 114 0 1 0 113 95RaBeDa.403
1249.4282 0.0020 0.0020 0 3 0 2 0 2 0 1 95RaBeDa.404
1251.0033 0.0020 0.0020 0 3 0 3 0 2 0 2 95RaBeDa.405
1243.0082 0.0020 0.0020 0 3 0 1 0 2 0 2 95RaBeDa.406
1252.5679 0.0020 0.0020 0 3 0 4 0 2 0 3 95RaBeDa.407
1241.3739 0.0020 0.0020 0 3 0 2 0 2 0 3 95RaBeDa.408
1254.1197 0.0020 0.0020 0 3 0 5 0 2 0 4 95RaBeDa.409
1239.7321 0.0020 0.0020 0 3 0 3 0 2 0 4 95RaBeDa.410
1255.6571 0.0020 0.0020 0 3 0 6 0 2 0 5 95RaBeDa.411
1238.0735 0.0020 0.0020 0 3 0 4 0 2 0 5 95RaBeDa.412
1257.1884 0.0020 0.0020 0 3 0 7 0 2 0 6 95RaBeDa.413
1236.4052 0.0020 0.0020 0 3 0 5 0 2 0 6 95RaBeDa.414
1234.7202 0.0020 0.0020 0 3 0 6 0 2 0 7 95RaBeDa.415
1260.2004 0.0020 0.0020 0 3 0 9 0 2 0 8 95RaBeDa.416
1233.0311 0.0020 0.0020 0 3 0 7 0 2 0 8 95RaBeDa.417
1229.6111 0.0020 0.0020 0 3 0 9 0 2 0 10 95RaBeDa.418
1264.6356 0.0020 0.0020 0 3 0 12 0 2 0 11 95RaBeDa.419
1227.8838 0.0020 0.0020 0 3 0 10 0 2 0 11 95RaBeDa.420
1266.0909 0.0020 0.0020 0 3 0 13 0 2 0 12 95RaBeDa.421
1226.1446 0.0020 0.0020 0 3 0 11 0 2 0 12 95RaBeDa.422
1267.5318 0.0020 0.0020 0 3 0 14 0 2 0 13 95RaBeDa.423
1224.3950 0.0020 0.0020 0 3 0 12 0 2 0 13 95RaBeDa.424
1268.9613 0.0020 0.0020 0 3 0 15 0 2 0 14 95RaBeDa.425
1222.6322 0.0020 0.0020 0 3 0 13 0 2 0 14 95RaBeDa.426
1270.3785 0.0020 0.0020 0 3 0 16 0 2 0 15 95RaBeDa.427
1220.8595 0.0020 0.0020 0 3 0 14 0 2 0 15 95RaBeDa.428
1219.0763 0.0020 0.0020 0 3 0 15 0 2 0 16 95RaBeDa.429
1273.1737 0.0020 0.0020 0 3 0 18 0 2 0 17 95RaBeDa.430
1217.2805 0.0020 0.0020 0 3 0 16 0 2 0 17 95RaBeDa.431
1274.5559 0.0020 0.0020 0 3 0 19 0 2 0 18 95RaBeDa.432
1215.4729 0.0020 0.0020 0 3 0 17 0 2 0 18 95RaBeDa.433
1275.9213 0.0020 0.0020 0 3 0 20 0 2 0 19 95RaBeDa.434
1213.6552 0.0020 0.0020 0 3 0 18 0 2 0 19 95RaBeDa.435
1277.2768 0.0020 0.0020 0 3 0 21 0 2 0 20 95RaBeDa.436
1211.8259 0.0020 0.0020 0 3 0 19 0 2 0 20 95RaBeDa.437
1278.6190 0.0020 0.0020 0 3 0 22 0 2 0 21 95RaBeDa.438
1209.9846 0.0020 0.0020 0 3 0 20 0 2 0 21 95RaBeDa.439
1279.9485 0.0020 0.0020 0 3 0 23 0 2 0 22 95RaBeDa.440
1208.1438 0.0020 0.0020 0 3 0 21 0 2 0 22 95RaBeDa.441
1281.2663 0.0020 0.0020 0 3 0 24 0 2 0 23 95RaBeDa.442
1206.2695 0.0020 0.0020 0 3 0 22 0 2 0 23 95RaBeDa.443
1282.5708 0.0020 0.0020 0 3 0 25 0 2 0 24 95RaBeDa.444
1204.3955 0.0020 0.0020 0 3 0 23 0 2 0 24 95RaBeDa.445
1283.8607 0.0020 0.0020 0 3 0 26 0 2 0 25 95RaBeDa.446
1202.5099 0.0020 0.0020 0 3 0 24 0 2 0 25 95RaBeDa.447
1285.1415 0.0020 0.0020 0 3 0 27 0 2 0 26 95RaBeDa.448
1200.6122 0.0020 0.0020 0 3 0 25 0 2 0 26 95RaBeDa.449
1286.4076 0.0020 0.0020 0 3 0 28 0 2 0 27 95RaBeDa.450
1198.7065 0.0020 0.0020 0 3 0 26 0 2 0 27 95RaBeDa.451
1287.6614 0.0020 0.0020 0 3 0 29 0 2 0 28 95RaBeDa.452
1196.7881 0.0020 0.0020 0 3 0 27 0 2 0 28 95RaBeDa.453
1288.9024 0.0020 0.0020 0 3 0 30 0 2 0 29 95RaBeDa.454
1194.8594 0.0020 0.0020 0 3 0 28 0 2 0 29 95RaBeDa.455
1290.1305 0.0020 0.0020 0 3 0 31 0 2 0 30 95RaBeDa.456
1192.9175 0.0020 0.0020 0 3 0 29 0 2 0 30 95RaBeDa.457
1291.3458 0.0020 0.0020 0 3 0 32 0 2 0 31 95RaBeDa.458
1190.9673 0.0020 0.0020 0 3 0 30 0 2 0 31 95RaBeDa.459
1292.5478 0.0020 0.0020 0 3 0 33 0 2 0 32 95RaBeDa.460
1189.0045 0.0020 0.0020 0 3 0 31 0 2 0 32 95RaBeDa.461
1293.7361 0.0020 0.0020 0 3 0 34 0 2 0 33 95RaBeDa.462
1294.9136 0.0020 0.0020 0 3 0 35 0 2 0 34 95RaBeDa.463
1185.0485 0.0020 0.0020 0 3 0 33 0 2 0 34 95RaBeDa.464
1296.0772 0.0020 0.0020 0 3 0 36 0 2 0 35 95RaBeDa.465
1183.0541 0.0020 0.0020 0 3 0 34 0 2 0 35 95RaBeDa.466
1297.2276 0.0020 0.0020 0 3 0 37 0 2 0 36 95RaBeDa.467
1181.0487 0.0020 0.0020 0 3 0 35 0 2 0 36 95RaBeDa.468
1298.3639 0.0020 0.0020 0 3 0 38 0 2 0 37 95RaBeDa.469
1179.0332 0.0020 0.0020 0 3 0 36 0 2 0 37 95RaBeDa.470
1299.4874 0.0020 0.0020 0 3 0 39 0 2 0 38 95RaBeDa.471
1177.0058 0.0020 0.0020 0 3 0 37 0 2 0 38 95RaBeDa.472
1300.6000 0.0020 0.0020 0 3 0 40 0 2 0 39 95RaBeDa.473
1174.9677 0.0020 0.0020 0 3 0 38 0 2 0 39 95RaBeDa.474
1301.6978 0.0020 0.0020 0 3 0 41 0 2 0 40 95RaBeDa.475
1172.9210 0.0020 0.0020 0 3 0 39 0 2 0 40 95RaBeDa.476
1302.7825 0.0020 0.0020 0 3 0 42 0 2 0 41 95RaBeDa.477
1170.8628 0.0020 0.0020 0 3 0 40 0 2 0 41 95RaBeDa.478
1303.8529 0.0020 0.0020 0 3 0 43 0 2 0 42 95RaBeDa.479
1168.7935 0.0020 0.0020 0 3 0 41 0 2 0 42 95RaBeDa.480
1304.9119 0.0020 0.0020 0 3 0 44 0 2 0 43 95RaBeDa.481
1166.7138 0.0020 0.0020 0 3 0 42 0 2 0 43 95RaBeDa.482
1305.9569 0.0020 0.0020 0 3 0 45 0 2 0 44 95RaBeDa.483
1164.6238 0.0020 0.0020 0 3 0 43 0 2 0 44 95RaBeDa.484
1306.9883 0.0020 0.0020 0 3 0 46 0 2 0 45 95RaBeDa.485
1162.5224 0.0020 0.0020 0 3 0 44 0 2 0 45 95RaBeDa.486
1308.0056 0.0020 0.0020 0 3 0 47 0 2 0 46 95RaBeDa.487
1160.4117 0.0020 0.0020 0 3 0 45 0 2 0 46 95RaBeDa.488
1309.0104 0.0020 0.0020 0 3 0 48 0 2 0 47 95RaBeDa.489
1158.2908 0.0020 0.0020 0 3 0 46 0 2 0 47 95RaBeDa.490
1310.0028 0.0020 0.0020 0 3 0 49 0 2 0 48 95RaBeDa.491
1156.1590 0.0020 0.0020 0 3 0 47 0 2 0 48 95RaBeDa.492
1310.9812 0.0020 0.0020 0 3 0 50 0 2 0 49 95RaBeDa.493
1154.0164 0.0020 0.0020 0 3 0 48 0 2 0 49 95RaBeDa.494
1311.9452 0.0020 0.0020 0 3 0 51 0 2 0 50 95RaBeDa.495
1151.8640 0.0020 0.0020 0 3 0 49 0 2 0 50 95RaBeDa.496
1312.8951 0.0020 0.0020 0 3 0 52 0 2 0 51 95RaBeDa.497
1149.7027 0.0020 0.0020 0 3 0 50 0 2 0 51 95RaBeDa.498
1313.8329 0.0020 0.0020 0 3 0 53 0 2 0 52 95RaBeDa.499
1147.5317 0.0020 0.0020 0 3 0 51 0 2 0 52 95RaBeDa.500
1145.3446 0.0020 0.0020 0 3 0 52 0 2 0 53 95RaBeDa.501
1315.6663 0.0020 0.0020 0 3 0 55 0 2 0 54 95RaBeDa.502
1143.1512 0.0020 0.0020 0 3 0 53 0 2 0 54 95RaBeDa.503
1316.5623 0.0020 0.0020 0 3 0 56 0 2 0 55 95RaBeDa.504
1140.9480 0.0020 0.0020 0 3 0 54 0 2 0 55 95RaBeDa.505
1317.4447 0.0020 0.0020 0 3 0 57 0 2 0 56 95RaBeDa.506
1138.7334 0.0020 0.0020 0 3 0 55 0 2 0 56 95RaBeDa.507
1318.3124 0.0020 0.0020 0 3 0 58 0 2 0 57 95RaBeDa.508
1319.1689 0.0020 0.0020 0 3 0 59 0 2 0 58 95RaBeDa.509
1134.2757 0.0020 0.0020 0 3 0 57 0 2 0 58 95RaBeDa.510
1132.0306 0.0020 0.0020 0 3 0 58 0 2 0 59 95RaBeDa.511
1320.8380 0.0020 0.0020 0 3 0 61 0 2 0 60 95RaBeDa.512
1129.7783 0.0020 0.0020 0 3 0 59 0 2 0 60 95RaBeDa.513
1127.5130 0.0020 0.0020 0 3 0 60 0 2 0 61 95RaBeDa.514
1322.4510 0.0020 0.0020 0 3 0 63 0 2 0 62 95RaBeDa.515
1125.2391 0.0020 0.0020 0 3 0 61 0 2 0 62 95RaBeDa.516
1323.2361 0.0020 0.0020 0 3 0 64 0 2 0 63 95RaBeDa.517
1122.9552 0.0020 0.0020 0 3 0 62 0 2 0 63 95RaBeDa.518
1324.0064 0.0020 0.0020 0 3 0 65 0 2 0 64 95RaBeDa.519
1120.6612 0.0020 0.0020 0 3 0 63 0 2 0 64 95RaBeDa.520
1324.7662 0.0020 0.0020 0 3 0 66 0 2 0 65 95RaBeDa.521
1118.3573 0.0020 0.0020 0 3 0 64 0 2 0 65 95RaBeDa.522
1116.0432 0.0020 0.0020 0 3 0 65 0 2 0 66 95RaBeDa.523
1326.2391 0.0020 0.0020 0 3 0 68 0 2 0 67 95RaBeDa.524
1113.7206 0.0020 0.0020 0 3 0 66 0 2 0 67 95RaBeDa.525
1326.9540 0.0020 0.0020 0 3 0 69 0 2 0 68 95RaBeDa.526
1111.3872 0.0020 0.0020 0 3 0 67 0 2 0 68 95RaBeDa.527
1327.6560 0.0020 0.0020 0 3 0 70 0 2 0 69 95RaBeDa.528
1109.0438 0.0020 0.0020 0 3 0 68 0 2 0 69 95RaBeDa.529
1328.3498 0.0020 0.0020 0 3 0 71 0 2 0 70 95RaBeDa.530
1106.6886 0.0020 0.0020 0 3 0 69 0 2 0 70 95RaBeDa.531
1329.0155 0.0020 0.0020 0 3 0 72 0 2 0 71 95RaBeDa.532
1104.3282 0.0020 0.0020 0 3 0 70 0 2 0 71 95RaBeDa.533
1329.6730 0.0020 0.0020 0 3 0 73 0 2 0 72 95RaBeDa.534
1101.9542 0.0020 0.0020 0 3 0 71 0 2 0 72 95RaBeDa.535
1330.3179 0.0020 0.0020 0 3 0 74 0 2 0 73 95RaBeDa.536
1099.5729 0.0020 0.0020 0 3 0 72 0 2 0 73 95RaBeDa.537
1330.9476 0.0020 0.0020 0 3 0 75 0 2 0 74 95RaBeDa.538
1097.1830 0.0020 0.0020 0 3 0 73 0 2 0 74 95RaBeDa.539
1331.5632 0.0020 0.0020 0 3 0 76 0 2 0 75 95RaBeDa.540
1094.7815 0.0020 0.0020 0 3 0 74 0 2 0 75 95RaBeDa.541
1092.3710 0.0020 0.0020 0 3 0 75 0 2 0 76 95RaBeDa.542
1332.7513 0.0020 0.0020 0 3 0 78 0 2 0 77 95RaBeDa.543
1089.9508 0.0020 0.0020 0 3 0 76 0 2 0 77 95RaBeDa.544
1333.3233 0.0020 0.0020 0 3 0 79 0 2 0 78 95RaBeDa.545
1087.5208 0.0020 0.0020 0 3 0 77 0 2 0 78 95RaBeDa.546
1333.8813 0.0020 0.0020 0 3 0 80 0 2 0 79 95RaBeDa.547
1085.0821 0.0020 0.0020 0 3 0 78 0 2 0 79 95RaBeDa.548
1334.4243 0.0020 0.0020 0 3 0 81 0 2 0 80 95RaBeDa.549
1082.6349 0.0020 0.0020 0 3 0 79 0 2 0 80 95RaBeDa.550
1060.1741 0.0020 0.0020 0 3 0 88 0 2 0 89 95RaBeDa.551
1057.6319 0.0020 0.0020 0 3 0 89 0 2 0 90 95RaBeDa.552
1055.0828 0.0020 0.0020 0 3 0 90 0 2 0 91 95RaBeDa.553
1339.7914 0.0020 0.0020 0 3 0 93 0 2 0 92 95RaBeDa.554
1052.5216 0.0020 0.0020 0 3 0 91 0 2 0 92 95RaBeDa.555
1049.9470 0.0020 0.0020 0 3 0 92 0 2 0 93 95RaBeDa.556
1047.3791 0.0020 0.0020 0 3 0 93 0 2 0 94 95RaBeDa.557
1340.7968 0.0020 0.0020 0 3 0 96 0 2 0 95 95RaBeDa.558
1044.7852 0.0020 0.0020 0 3 0 94 0 2 0 95 95RaBeDa.559
1341.1030 0.0020 0.0020 0 3 0 97 0 2 0 96 95RaBeDa.560
1042.1893 0.0020 0.0020 0 3 0 95 0 2 0 96 95RaBeDa.561
1341.3913 0.0020 0.0020 0 3 0 98 0 2 0 97 95RaBeDa.562
1039.5857 0.0020 0.0020 0 3 0 96 0 2 0 97 95RaBeDa.563
1341.6676 0.0020 0.0020 0 3 0 99 0 2 0 98 95RaBeDa.564
1036.9714 0.0020 0.0020 0 3 0 97 0 2 0 98 95RaBeDa.565
1342.1637 0.0020 0.0020 0 3 0 101 0 2 0 100 95RaBeDa.566
1342.3991 0.0020 0.0020 0 3 0 102 0 2 0 101 95RaBeDa.567
1342.6139 0.0020 0.0020 0 3 0 103 0 2 0 102 95RaBeDa.568
1238.0432 0.0020 0.0020 0 4 0 3 0 3 0 2 95RaBeDa.569
1230.1105 0.0020 0.0020 0 4 0 1 0 3 0 2 95RaBeDa.570
1239.5942 0.0020 0.0020 0 4 0 4 0 3 0 3 95RaBeDa.571
1228.4873 0.0020 0.0020 0 4 0 2 0 3 0 3 95RaBeDa.572
1241.1350 0.0020 0.0020 0 4 0 5 0 3 0 4 95RaBeDa.573
1226.8523 0.0020 0.0020 0 4 0 3 0 3 0 4 95RaBeDa.574
1242.6589 0.0020 0.0020 0 4 0 6 0 3 0 5 95RaBeDa.575
1225.2078 0.0020 0.0020 0 4 0 4 0 3 0 5 95RaBeDa.576
1244.1750 0.0020 0.0020 0 4 0 7 0 3 0 6 95RaBeDa.577
1223.5492 0.0020 0.0020 0 4 0 5 0 3 0 6 95RaBeDa.578
1245.6793 0.0020 0.0020 0 4 0 8 0 3 0 7 95RaBeDa.579
1221.8811 0.0020 0.0020 0 4 0 6 0 3 0 7 95RaBeDa.580
1247.1692 0.0020 0.0020 0 4 0 9 0 3 0 8 95RaBeDa.581
1248.6490 0.0020 0.0020 0 4 0 10 0 3 0 9 95RaBeDa.582
1218.5078 0.0020 0.0020 0 4 0 8 0 3 0 9 95RaBeDa.583
1250.1145 0.0020 0.0020 0 4 0 11 0 3 0 10 95RaBeDa.584
1216.8057 0.0020 0.0020 0 4 0 9 0 3 0 10 95RaBeDa.585
1251.5686 0.0020 0.0020 0 4 0 12 0 3 0 11 95RaBeDa.586
1215.0888 0.0020 0.0020 0 4 0 10 0 3 0 11 95RaBeDa.587
1253.0106 0.0020 0.0020 0 4 0 13 0 3 0 12 95RaBeDa.588
1213.3628 0.0020 0.0020 0 4 0 11 0 3 0 12 95RaBeDa.589
1254.4401 0.0020 0.0020 0 4 0 14 0 3 0 13 95RaBeDa.590
1211.6242 0.0020 0.0020 0 4 0 12 0 3 0 13 95RaBeDa.591
1255.8582 0.0020 0.0020 0 4 0 15 0 3 0 14 95RaBeDa.592
1209.8745 0.0020 0.0020 0 4 0 13 0 3 0 14 95RaBeDa.593
1257.2630 0.0020 0.0020 0 4 0 16 0 3 0 15 95RaBeDa.594
1208.1138 0.0020 0.0020 0 4 0 14 0 3 0 15 95RaBeDa.595
1258.6555 0.0020 0.0020 0 4 0 17 0 3 0 16 95RaBeDa.596
1206.3411 0.0020 0.0020 0 4 0 15 0 3 0 16 95RaBeDa.597
1260.0359 0.0020 0.0020 0 4 0 18 0 3 0 17 95RaBeDa.598
1204.5570 0.0020 0.0020 0 4 0 16 0 3 0 17 95RaBeDa.599
1261.4044 0.0020 0.0020 0 4 0 19 0 3 0 18 95RaBeDa.600
1202.7622 0.0020 0.0020 0 4 0 17 0 3 0 18 95RaBeDa.601
1262.7593 0.0020 0.0020 0 4 0 20 0 3 0 19 95RaBeDa.602
1200.9550 0.0020 0.0020 0 4 0 18 0 3 0 19 95RaBeDa.603
1264.1032 0.0020 0.0020 0 4 0 21 0 3 0 20 95RaBeDa.604
1199.1372 0.0020 0.0020 0 4 0 19 0 3 0 20 95RaBeDa.605
1265.4328 0.0020 0.0020 0 4 0 22 0 3 0 21 95RaBeDa.606
1197.3074 0.0020 0.0020 0 4 0 20 0 3 0 21 95RaBeDa.607
1266.7508 0.0020 0.0020 0 4 0 23 0 3 0 22 95RaBeDa.608
1195.4675 0.0020 0.0020 0 4 0 21 0 3 0 22 95RaBeDa.609
1268.0555 0.0020 0.0020 0 4 0 24 0 3 0 23 95RaBeDa.610
1193.6169 0.0020 0.0020 0 4 0 22 0 3 0 23 95RaBeDa.611
1269.3472 0.0020 0.0020 0 4 0 25 0 3 0 24 95RaBeDa.612
1191.7542 0.0020 0.0020 0 4 0 23 0 3 0 24 95RaBeDa.613
1270.6282 0.0020 0.0020 0 4 0 26 0 3 0 25 95RaBeDa.614
1189.8802 0.0020 0.0020 0 4 0 24 0 3 0 25 95RaBeDa.615
1271.8956 0.0020 0.0020 0 4 0 27 0 3 0 26 95RaBeDa.616
1187.9950 0.0020 0.0020 0 4 0 25 0 3 0 26 95RaBeDa.617
1273.1480 0.0020 0.0020 0 4 0 28 0 3 0 27 95RaBeDa.618
1186.0999 0.0020 0.0020 0 4 0 26 0 3 0 27 95RaBeDa.619
1274.3909 0.0020 0.0020 0 4 0 29 0 3 0 28 95RaBeDa.620
1184.1935 0.0020 0.0020 0 4 0 27 0 3 0 28 95RaBeDa.621
1275.6202 0.0020 0.0020 0 4 0 30 0 3 0 29 95RaBeDa.622
1182.2764 0.0020 0.0020 0 4 0 28 0 3 0 29 95RaBeDa.623
1276.8347 0.0020 0.0020 0 4 0 31 0 3 0 30 95RaBeDa.624
1180.3475 0.0020 0.0020 0 4 0 29 0 3 0 30 95RaBeDa.625
1278.0386 0.0020 0.0020 0 4 0 32 0 3 0 31 95RaBeDa.626
1178.4074 0.0020 0.0020 0 4 0 30 0 3 0 31 95RaBeDa.627
1279.2283 0.0020 0.0020 0 4 0 33 0 3 0 32 95RaBeDa.628
1176.4565 0.0020 0.0020 0 4 0 31 0 3 0 32 95RaBeDa.629
1280.4069 0.0020 0.0020 0 4 0 34 0 3 0 33 95RaBeDa.630
1174.4945 0.0020 0.0020 0 4 0 32 0 3 0 33 95RaBeDa.631
1281.5707 0.0020 0.0020 0 4 0 35 0 3 0 34 95RaBeDa.632
1172.5244 0.0020 0.0020 0 4 0 33 0 3 0 34 95RaBeDa.633
1282.7224 0.0020 0.0020 0 4 0 36 0 3 0 35 95RaBeDa.634
1170.5408 0.0020 0.0020 0 4 0 34 0 3 0 35 95RaBeDa.635
1283.8607 0.0020 0.0020 0 4 0 37 0 3 0 36 95RaBeDa.636
1168.5476 0.0020 0.0020 0 4 0 35 0 3 0 36 95RaBeDa.637
1284.9851 0.0020 0.0020 0 4 0 38 0 3 0 37 95RaBeDa.638
1166.5417 0.0020 0.0020 0 4 0 36 0 3 0 37 95RaBeDa.639
1286.0977 0.0020 0.0020 0 4 0 39 0 3 0 38 95RaBeDa.640
1164.5287 0.0020 0.0020 0 4 0 37 0 3 0 38 95RaBeDa.641
1287.1959 0.0020 0.0020 0 4 0 40 0 3 0 39 95RaBeDa.642
1162.5015 0.0020 0.0020 0 4 0 38 0 3 0 39 95RaBeDa.643
1160.4661 0.0020 0.0020 0 4 0 39 0 3 0 40 95RaBeDa.644
1289.3548 0.0020 0.0020 0 4 0 42 0 3 0 41 95RaBeDa.645
1158.4200 0.0020 0.0020 0 4 0 40 0 3 0 41 95RaBeDa.646
1290.4138 0.0020 0.0020 0 4 0 43 0 3 0 42 95RaBeDa.647
1156.3630 0.0020 0.0020 0 4 0 41 0 3 0 42 95RaBeDa.648
1291.4602 0.0020 0.0020 0 4 0 44 0 3 0 43 95RaBeDa.649
1154.2940 0.0020 0.0020 0 4 0 42 0 3 0 43 95RaBeDa.650
1292.4924 0.0020 0.0020 0 4 0 45 0 3 0 44 95RaBeDa.651
1152.2160 0.0020 0.0020 0 4 0 43 0 3 0 44 95RaBeDa.652
1293.5111 0.0020 0.0020 0 4 0 46 0 3 0 45 95RaBeDa.653
1150.1267 0.0020 0.0020 0 4 0 44 0 3 0 45 95RaBeDa.654
1294.5194 0.0020 0.0020 0 4 0 47 0 3 0 46 95RaBeDa.655
1148.0296 0.0020 0.0020 0 4 0 45 0 3 0 46 95RaBeDa.656
1295.5109 0.0020 0.0020 0 4 0 48 0 3 0 47 95RaBeDa.657
1145.9177 0.0020 0.0020 0 4 0 46 0 3 0 47 95RaBeDa.658
1296.4909 0.0020 0.0020 0 4 0 49 0 3 0 48 95RaBeDa.659
1143.7979 0.0020 0.0020 0 4 0 47 0 3 0 48 95RaBeDa.660
1297.4557 0.0020 0.0020 0 4 0 50 0 3 0 49 95RaBeDa.661
1141.6670 0.0020 0.0020 0 4 0 48 0 3 0 49 95RaBeDa.662
1298.4078 0.0020 0.0020 0 4 0 51 0 3 0 50 95RaBeDa.663
1139.5265 0.0020 0.0020 0 4 0 49 0 3 0 50 95RaBeDa.664
1299.3460 0.0020 0.0020 0 4 0 52 0 3 0 51 95RaBeDa.665
1137.3746 0.0020 0.0020 0 4 0 50 0 3 0 51 95RaBeDa.666
1300.2709 0.0020 0.0020 0 4 0 53 0 3 0 52 95RaBeDa.667
1135.2130 0.0020 0.0020 0 4 0 51 0 3 0 52 95RaBeDa.668
1301.1833 0.0020 0.0020 0 4 0 54 0 3 0 53 95RaBeDa.669
1133.0419 0.0020 0.0020 0 4 0 52 0 3 0 53 95RaBeDa.670
1302.0865 0.0020 0.0020 0 4 0 55 0 3 0 54 95RaBeDa.671
1130.8589 0.0020 0.0020 0 4 0 53 0 3 0 54 95RaBeDa.672
1302.9645 0.0020 0.0020 0 4 0 56 0 3 0 55 95RaBeDa.673
1128.6685 0.0020 0.0020 0 4 0 54 0 3 0 55 95RaBeDa.674
1303.8332 0.0020 0.0020 0 4 0 57 0 3 0 56 95RaBeDa.675
1126.4651 0.0020 0.0020 0 4 0 55 0 3 0 56 95RaBeDa.676
1304.6914 0.0020 0.0020 0 4 0 58 0 3 0 57 95RaBeDa.677
1124.2528 0.0020 0.0020 0 4 0 56 0 3 0 57 95RaBeDa.678
1305.5348 0.0020 0.0020 0 4 0 59 0 3 0 58 95RaBeDa.679
1122.0310 0.0020 0.0020 0 4 0 57 0 3 0 58 95RaBeDa.680
1306.3672 0.0020 0.0020 0 4 0 60 0 3 0 59 95RaBeDa.681
1119.7976 0.0020 0.0020 0 4 0 58 0 3 0 59 95RaBeDa.682
1307.1786 0.0020 0.0020 0 4 0 61 0 3 0 60 95RaBeDa.683
1117.5550 0.0020 0.0020 0 4 0 59 0 3 0 60 95RaBeDa.684
1307.9790 0.0020 0.0020 0 4 0 62 0 3 0 61 95RaBeDa.685
1115.3041 0.0020 0.0020 0 4 0 60 0 3 0 61 95RaBeDa.686
1308.7671 0.0020 0.0020 0 4 0 63 0 3 0 62 95RaBeDa.687
1113.0403 0.0020 0.0020 0 4 0 61 0 3 0 62 95RaBeDa.688
1309.5400 0.0020 0.0020 0 4 0 64 0 3 0 63 95RaBeDa.689
1110.7675 0.0020 0.0020 0 4 0 62 0 3 0 63 95RaBeDa.690
1310.2999 0.0020 0.0020 0 4 0 65 0 3 0 64 95RaBeDa.691
1108.4860 0.0020 0.0020 0 4 0 63 0 3 0 64 95RaBeDa.692
1311.0443 0.0020 0.0020 0 4 0 66 0 3 0 65 95RaBeDa.693
1106.1935 0.0020 0.0020 0 4 0 64 0 3 0 65 95RaBeDa.694
1103.8906 0.0020 0.0020 0 4 0 65 0 3 0 66 95RaBeDa.695
1101.5794 0.0020 0.0020 0 4 0 66 0 3 0 67 95RaBeDa.696
1313.1960 0.0020 0.0020 0 4 0 69 0 3 0 68 95RaBeDa.697
1099.2571 0.0020 0.0020 0 4 0 67 0 3 0 68 95RaBeDa.698
1313.8836 0.0020 0.0020 0 4 0 70 0 3 0 69 95RaBeDa.699
1096.9262 0.0020 0.0020 0 4 0 68 0 3 0 69 95RaBeDa.700
1314.5595 0.0020 0.0020 0 4 0 71 0 3 0 70 95RaBeDa.701
1094.5834 0.0020 0.0020 0 4 0 69 0 3 0 70 95RaBeDa.702
1315.2201 0.0020 0.0020 0 4 0 72 0 3 0 71 95RaBeDa.703
1092.2323 0.0020 0.0020 0 4 0 70 0 3 0 71 95RaBeDa.704
1315.8662 0.0020 0.0020 0 4 0 73 0 3 0 72 95RaBeDa.705
1089.8742 0.0020 0.0020 0 4 0 71 0 3 0 72 95RaBeDa.706
1316.4978 0.0020 0.0020 0 4 0 74 0 3 0 73 95RaBeDa.707
1087.5011 0.0020 0.0020 0 4 0 72 0 3 0 73 95RaBeDa.708
1317.1163 0.0020 0.0020 0 4 0 75 0 3 0 74 95RaBeDa.709
1085.1229 0.0020 0.0020 0 4 0 73 0 3 0 74 95RaBeDa.710
1317.7182 0.0020 0.0020 0 4 0 76 0 3 0 75 95RaBeDa.711
1082.7327 0.0020 0.0020 0 4 0 74 0 3 0 75 95RaBeDa.712
1318.3061 0.0020 0.0020 0 4 0 77 0 3 0 76 95RaBeDa.713
1080.3324 0.0020 0.0020 0 4 0 75 0 3 0 76 95RaBeDa.714
1077.9236 0.0020 0.0020 0 4 0 76 0 3 0 77 95RaBeDa.715
1075.5070 0.0020 0.0020 0 4 0 77 0 3 0 78 95RaBeDa.716
1073.0805 0.0020 0.0020 0 4 0 78 0 3 0 79 95RaBeDa.717
1320.5150 0.0020 0.0020 0 4 0 81 0 3 0 80 95RaBeDa.718
1070.6417 0.0020 0.0020 0 4 0 79 0 3 0 80 95RaBeDa.719
1327.7770 0.0020 0.0020 0 4 0 99 0 3 0 98 95RaBeDa.720
1328.0091 0.0020 0.0020 0 4 0 101 0 3 0 100 95RaBeDa.721
1328.2230 0.0020 0.0020 0 4 0 102 0 3 0 101 95RaBeDa.722
1328.4237 0.0020 0.0020 0 4 0 103 0 3 0 102 95RaBeDa.723
1328.7783 0.0020 0.0020 0 4 0 105 0 3 0 104 95RaBeDa.724
1328.9314 0.0020 0.0020 0 4 0 106 0 3 0 105 95RaBeDa.725
1226.6442 0.0020 0.0020 0 5 0 4 0 4 0 3 95RaBeDa.726
1215.6222 0.0020 0.0020 0 5 0 2 0 4 0 3 95RaBeDa.727
1228.1718 0.0020 0.0020 0 5 0 5 0 4 0 4 95RaBeDa.728
1213.9971 0.0020 0.0020 0 5 0 3 0 4 0 4 95RaBeDa.729
1229.6876 0.0020 0.0020 0 5 0 6 0 4 0 5 95RaBeDa.730
1212.3650 0.0020 0.0020 0 5 0 4 0 4 0 5 95RaBeDa.731
1231.1905 0.0020 0.0020 0 5 0 7 0 4 0 6 95RaBeDa.732
1210.7205 0.0020 0.0020 0 5 0 5 0 4 0 6 95RaBeDa.733
1232.6821 0.0020 0.0020 0 5 0 8 0 4 0 7 95RaBeDa.734
1209.0627 0.0020 0.0020 0 5 0 6 0 4 0 7 95RaBeDa.735
1234.1603 0.0020 0.0020 0 5 0 9 0 4 0 8 95RaBeDa.736
1207.3938 0.0020 0.0020 0 5 0 7 0 4 0 8 95RaBeDa.737
1235.6264 0.0020 0.0020 0 5 0 10 0 4 0 9 95RaBeDa.738
1205.7135 0.0020 0.0020 0 5 0 8 0 4 0 9 95RaBeDa.739
1237.0826 0.0020 0.0020 0 5 0 11 0 4 0 10 95RaBeDa.740
1204.0199 0.0020 0.0020 0 5 0 9 0 4 0 10 95RaBeDa.741
1238.5236 0.0020 0.0020 0 5 0 12 0 4 0 11 95RaBeDa.742
1202.3185 0.0020 0.0020 0 5 0 10 0 4 0 11 95RaBeDa.743
1239.9531 0.0020 0.0020 0 5 0 13 0 4 0 12 95RaBeDa.744
1241.3739 0.0020 0.0020 0 5 0 14 0 4 0 13 95RaBeDa.745
1198.8758 0.0020 0.0020 0 5 0 12 0 4 0 13 95RaBeDa.746
1242.7773 0.0020 0.0020 0 5 0 15 0 4 0 14 95RaBeDa.747
1197.1365 0.0020 0.0020 0 5 0 13 0 4 0 14 95RaBeDa.748
1244.1712 0.0020 0.0020 0 5 0 16 0 4 0 15 95RaBeDa.749
1195.3881 0.0020 0.0020 0 5 0 14 0 4 0 15 95RaBeDa.750
1245.5513 0.0020 0.0020 0 5 0 17 0 4 0 16 95RaBeDa.751
1246.9201 0.0020 0.0020 0 5 0 18 0 4 0 17 95RaBeDa.752
1191.8552 0.0020 0.0020 0 5 0 16 0 4 0 17 95RaBeDa.753
1248.2743 0.0020 0.0020 0 5 0 19 0 4 0 18 95RaBeDa.754
1190.0726 0.0020 0.0020 0 5 0 17 0 4 0 18 95RaBeDa.755
1249.6174 0.0020 0.0020 0 5 0 20 0 4 0 19 95RaBeDa.756
1188.2761 0.0020 0.0020 0 5 0 18 0 4 0 19 95RaBeDa.757
1250.9502 0.0020 0.0020 0 5 0 21 0 4 0 20 95RaBeDa.758
1186.4710 0.0020 0.0020 0 5 0 19 0 4 0 20 95RaBeDa.759
1252.2676 0.0020 0.0020 0 5 0 22 0 4 0 21 95RaBeDa.760
1184.6535 0.0020 0.0020 0 5 0 20 0 4 0 21 95RaBeDa.761
1253.5730 0.0020 0.0020 0 5 0 23 0 4 0 22 95RaBeDa.762
1182.8244 0.0020 0.0020 0 5 0 21 0 4 0 22 95RaBeDa.763
1254.8672 0.0020 0.0020 0 5 0 24 0 4 0 23 95RaBeDa.764
1180.9847 0.0020 0.0020 0 5 0 22 0 4 0 23 95RaBeDa.765
1256.1473 0.0020 0.0020 0 5 0 25 0 4 0 24 95RaBeDa.766
1179.1346 0.0020 0.0020 0 5 0 23 0 4 0 24 95RaBeDa.767
1257.4147 0.0020 0.0020 0 5 0 26 0 4 0 25 95RaBeDa.768
1177.2730 0.0020 0.0020 0 5 0 24 0 4 0 25 95RaBeDa.769
1258.6702 0.0020 0.0020 0 5 0 27 0 4 0 26 95RaBeDa.770
1175.4002 0.0020 0.0020 0 5 0 25 0 4 0 26 95RaBeDa.771
1259.9129 0.0020 0.0020 0 5 0 28 0 4 0 27 95RaBeDa.772
1173.5169 0.0020 0.0020 0 5 0 26 0 4 0 27 95RaBeDa.773
1261.1423 0.0020 0.0020 0 5 0 29 0 4 0 28 95RaBeDa.774
1171.6219 0.0020 0.0020 0 5 0 27 0 4 0 28 95RaBeDa.775
1262.3589 0.0020 0.0020 0 5 0 30 0 4 0 29 95RaBeDa.776
1169.7161 0.0020 0.0020 0 5 0 28 0 4 0 29 95RaBeDa.777
1263.5627 0.0020 0.0020 0 5 0 31 0 4 0 30 95RaBeDa.778
1167.8014 0.0020 0.0020 0 5 0 29 0 4 0 30 95RaBeDa.779
1264.7552 0.0020 0.0020 0 5 0 32 0 4 0 31 95RaBeDa.780
1165.8711 0.0020 0.0020 0 5 0 30 0 4 0 31 95RaBeDa.781
1265.9324 0.0020 0.0020 0 5 0 33 0 4 0 32 95RaBeDa.782
1163.9318 0.0020 0.0020 0 5 0 31 0 4 0 32 95RaBeDa.783
1267.0958 0.0020 0.0020 0 5 0 34 0 4 0 33 95RaBeDa.784
1161.9825 0.0020 0.0020 0 5 0 32 0 4 0 33 95RaBeDa.785
1268.2493 0.0020 0.0020 0 5 0 35 0 4 0 34 95RaBeDa.786
1160.0225 0.0020 0.0020 0 5 0 33 0 4 0 34 95RaBeDa.787
1269.3880 0.0020 0.0020 0 5 0 36 0 4 0 35 95RaBeDa.788
1158.0510 0.0020 0.0020 0 5 0 34 0 4 0 35 95RaBeDa.789
1270.5161 0.0020 0.0020 0 5 0 37 0 4 0 36 95RaBeDa.790
1156.0693 0.0020 0.0020 0 5 0 35 0 4 0 36 95RaBeDa.791
1271.6281 0.0020 0.0020 0 5 0 38 0 4 0 37 95RaBeDa.792
1154.0763 0.0020 0.0020 0 5 0 36 0 4 0 37 95RaBeDa.793
1272.7283 0.0020 0.0020 0 5 0 39 0 4 0 38 95RaBeDa.794
1152.0733 0.0020 0.0020 0 5 0 37 0 4 0 38 95RaBeDa.795
1273.8148 0.0020 0.0020 0 5 0 40 0 4 0 39 95RaBeDa.796
1150.0597 0.0020 0.0020 0 5 0 38 0 4 0 39 95RaBeDa.797
1274.8886 0.0020 0.0020 0 5 0 41 0 4 0 40 95RaBeDa.798
1148.0339 0.0020 0.0020 0 5 0 39 0 4 0 40 95RaBeDa.799
1275.9476 0.0020 0.0020 0 5 0 42 0 4 0 41 95RaBeDa.800
1145.9993 0.0020 0.0020 0 5 0 40 0 4 0 41 95RaBeDa.801
1276.9957 0.0020 0.0020 0 5 0 43 0 4 0 42 95RaBeDa.802
1143.9531 0.0020 0.0020 0 5 0 41 0 4 0 42 95RaBeDa.803
1141.8976 0.0020 0.0020 0 5 0 42 0 4 0 43 95RaBeDa.804
1279.0506 0.0020 0.0020 0 5 0 45 0 4 0 44 95RaBeDa.805
1139.8310 0.0020 0.0020 0 5 0 43 0 4 0 44 95RaBeDa.806
1280.0591 0.0020 0.0020 0 5 0 46 0 4 0 45 95RaBeDa.807
1137.7517 0.0020 0.0020 0 5 0 44 0 4 0 45 95RaBeDa.808
1281.0523 0.0020 0.0020 0 5 0 47 0 4 0 46 95RaBeDa.809
1135.6677 0.0020 0.0020 0 5 0 45 0 4 0 46 95RaBeDa.810
1282.0320 0.0020 0.0020 0 5 0 48 0 4 0 47 95RaBeDa.811
1133.5668 0.0020 0.0020 0 5 0 46 0 4 0 47 95RaBeDa.812
1282.9985 0.0020 0.0020 0 5 0 49 0 4 0 48 95RaBeDa.813
1131.4588 0.0020 0.0020 0 5 0 47 0 4 0 48 95RaBeDa.814
1283.9529 0.0020 0.0020 0 5 0 50 0 4 0 49 95RaBeDa.815
1129.3394 0.0020 0.0020 0 5 0 48 0 4 0 49 95RaBeDa.816
1284.8919 0.0020 0.0020 0 5 0 51 0 4 0 50 95RaBeDa.817
1127.2082 0.0020 0.0020 0 5 0 49 0 4 0 50 95RaBeDa.818
1285.8185 0.0020 0.0020 0 5 0 52 0 4 0 51 95RaBeDa.819
1125.0714 0.0020 0.0020 0 5 0 50 0 4 0 51 95RaBeDa.820
1286.7319 0.0020 0.0020 0 5 0 53 0 4 0 52 95RaBeDa.821
1122.9210 0.0020 0.0020 0 5 0 51 0 4 0 52 95RaBeDa.822
1287.6301 0.0020 0.0020 0 5 0 54 0 4 0 53 95RaBeDa.823
1120.7610 0.0020 0.0020 0 5 0 52 0 4 0 53 95RaBeDa.824
1288.5164 0.0020 0.0020 0 5 0 55 0 4 0 54 95RaBeDa.825
1118.5914 0.0020 0.0020 0 5 0 53 0 4 0 54 95RaBeDa.826
1289.3865 0.0020 0.0020 0 5 0 56 0 4 0 55 95RaBeDa.827
1116.4096 0.0020 0.0020 0 5 0 54 0 4 0 55 95RaBeDa.828
1290.2468 0.0020 0.0020 0 5 0 57 0 4 0 56 95RaBeDa.829
1114.2192 0.0020 0.0020 0 5 0 55 0 4 0 56 95RaBeDa.830
1291.0906 0.0020 0.0020 0 5 0 58 0 4 0 57 95RaBeDa.831
1112.0180 0.0020 0.0020 0 5 0 56 0 4 0 57 95RaBeDa.832
1291.9208 0.0020 0.0020 0 5 0 59 0 4 0 58 95RaBeDa.833
1109.8080 0.0020 0.0020 0 5 0 57 0 4 0 58 95RaBeDa.834
1292.7370 0.0020 0.0020 0 5 0 60 0 4 0 59 95RaBeDa.835
1107.5861 0.0020 0.0020 0 5 0 58 0 4 0 59 95RaBeDa.836
1293.5391 0.0020 0.0020 0 5 0 61 0 4 0 60 95RaBeDa.837
1105.3350 0.0020 0.0020 0 5 0 59 0 4 0 60 95RaBeDa.838
1294.3298 0.0020 0.0020 0 5 0 62 0 4 0 61 95RaBeDa.839
1103.1150 0.0020 0.0020 0 5 0 60 0 4 0 61 95RaBeDa.840
1295.1046 0.0020 0.0020 0 5 0 63 0 4 0 62 95RaBeDa.841
1100.8621 0.0020 0.0020 0 5 0 61 0 4 0 62 95RaBeDa.842
1295.8640 0.0020 0.0020 0 5 0 64 0 4 0 63 95RaBeDa.843
1098.6038 0.0020 0.0020 0 5 0 62 0 4 0 63 95RaBeDa.844
1296.6123 0.0020 0.0020 0 5 0 65 0 4 0 64 95RaBeDa.845
1096.3314 0.0020 0.0020 0 5 0 63 0 4 0 64 95RaBeDa.846
1297.3448 0.0020 0.0020 0 5 0 66 0 4 0 65 95RaBeDa.847
1094.0503 0.0020 0.0020 0 5 0 64 0 4 0 65 95RaBeDa.848
1298.0628 0.0020 0.0020 0 5 0 67 0 4 0 66 95RaBeDa.849
1091.7594 0.0020 0.0020 0 5 0 65 0 4 0 66 95RaBeDa.850
1298.7679 0.0020 0.0020 0 5 0 68 0 4 0 67 95RaBeDa.851
1089.4606 0.0020 0.0020 0 5 0 66 0 4 0 67 95RaBeDa.852
1299.4592 0.0020 0.0020 0 5 0 69 0 4 0 68 95RaBeDa.853
1087.1482 0.0020 0.0020 0 5 0 67 0 4 0 68 95RaBeDa.854
1300.1349 0.0020 0.0020 0 5 0 70 0 4 0 69 95RaBeDa.855
1084.8288 0.0020 0.0020 0 5 0 68 0 4 0 69 95RaBeDa.856
1300.7976 0.0020 0.0020 0 5 0 71 0 4 0 70 95RaBeDa.857
1082.5003 0.0020 0.0020 0 5 0 69 0 4 0 70 95RaBeDa.858
1301.4444 0.0020 0.0020 0 5 0 72 0 4 0 71 95RaBeDa.859
1080.1596 0.0020 0.0020 0 5 0 70 0 4 0 71 95RaBeDa.860
1302.0806 0.0020 0.0020 0 5 0 73 0 4 0 72 95RaBeDa.861
1077.8039 0.0020 0.0020 0 5 0 71 0 4 0 72 95RaBeDa.862
1302.6978 0.0020 0.0020 0 5 0 74 0 4 0 73 95RaBeDa.863
1075.4488 0.0020 0.0020 0 5 0 72 0 4 0 73 95RaBeDa.864
1303.3036 0.0020 0.0020 0 5 0 75 0 4 0 74 95RaBeDa.865
1073.0808 0.0020 0.0020 0 5 0 73 0 4 0 74 95RaBeDa.866
1303.8916 0.0020 0.0020 0 5 0 76 0 4 0 75 95RaBeDa.867
1070.7060 0.0020 0.0020 0 5 0 74 0 4 0 75 95RaBeDa.868
1304.4700 0.0020 0.0020 0 5 0 77 0 4 0 76 95RaBeDa.869
1068.3185 0.0020 0.0020 0 5 0 75 0 4 0 76 95RaBeDa.870
1305.0301 0.0020 0.0020 0 5 0 78 0 4 0 77 95RaBeDa.871
1065.9199 0.0020 0.0020 0 5 0 76 0 4 0 77 95RaBeDa.872
1305.5762 0.0020 0.0020 0 5 0 79 0 4 0 78 95RaBeDa.873
1063.5111 0.0020 0.0020 0 5 0 77 0 4 0 78 95RaBeDa.874
1306.1096 0.0020 0.0020 0 5 0 80 0 4 0 79 95RaBeDa.875
1061.0944 0.0020 0.0020 0 5 0 78 0 4 0 79 95RaBeDa.876
1306.6272 0.0020 0.0020 0 5 0 81 0 4 0 80 95RaBeDa.877
1307.1335 0.0020 0.0020 0 5 0 82 0 4 0 81 95RaBeDa.878
1056.2346 0.0020 0.0020 0 5 0 80 0 4 0 81 95RaBeDa.879
1307.6197 0.0020 0.0020 0 5 0 83 0 4 0 82 95RaBeDa.880
1053.7881 0.0020 0.0020 0 5 0 81 0 4 0 82 95RaBeDa.881
1051.3371 0.0020 0.0020 0 5 0 82 0 4 0 83 95RaBeDa.882
1308.5522 0.0020 0.0020 0 5 0 85 0 4 0 84 95RaBeDa.883
1048.6734 0.0020 0.0020 0 5 0 83 0 4 0 84 95RaBeDa.884
1046.4002 0.0020 0.0020 0 5 0 84 0 4 0 85 95RaBeDa.885
1309.4270 0.0020 0.0020 0 5 0 87 0 4 0 86 95RaBeDa.886
1043.9177 0.0020 0.0020 0 5 0 85 0 4 0 86 95RaBeDa.887
1309.8417 0.0020 0.0020 0 5 0 88 0 4 0 87 95RaBeDa.888
1041.4306 0.0020 0.0020 0 5 0 86 0 4 0 87 95RaBeDa.889
1310.2395 0.0020 0.0020 0 5 0 89 0 4 0 88 95RaBeDa.890
1038.9236 0.0020 0.0020 0 5 0 87 0 4 0 88 95RaBeDa.891
1216.7366 0.0020 0.0020 0 6 0 6 0 5 0 5 95RaBeDa.892
1218.2287 0.0020 0.0020 0 6 0 7 0 5 0 6 95RaBeDa.893
1219.7063 0.0020 0.0020 0 6 0 8 0 5 0 7 95RaBeDa.894
1196.2645 0.0020 0.0020 0 6 0 6 0 5 0 7 95RaBeDa.895
1221.1751 0.0020 0.0020 0 6 0 9 0 5 0 8 95RaBeDa.896
1194.6079 0.0020 0.0020 0 6 0 7 0 5 0 8 95RaBeDa.897
1222.6322 0.0020 0.0020 0 6 0 10 0 5 0 9 95RaBeDa.898
1192.9374 0.0020 0.0020 0 6 0 8 0 5 0 9 95RaBeDa.899
1224.0695 0.0020 0.0020 0 6 0 11 0 5 0 10 95RaBeDa.900
1191.2618 0.0020 0.0020 0 6 0 9 0 5 0 10 95RaBeDa.901
1225.4992 0.0020 0.0020 0 6 0 12 0 5 0 11 95RaBeDa.902
1226.9184 0.0020 0.0020 0 6 0 13 0 5 0 12 95RaBeDa.903
1187.8685 0.0020 0.0020 0 6 0 11 0 5 0 12 95RaBeDa.904
1228.3253 0.0020 0.0020 0 6 0 14 0 5 0 13 95RaBeDa.905
1186.1481 0.0020 0.0020 0 6 0 12 0 5 0 13 95RaBeDa.906
1229.7160 0.0020 0.0020 0 6 0 15 0 5 0 14 95RaBeDa.907
1184.4235 0.0020 0.0020 0 6 0 13 0 5 0 14 95RaBeDa.908
1231.1000 0.0020 0.0020 0 6 0 16 0 5 0 15 95RaBeDa.909
1182.6872 0.0020 0.0020 0 6 0 14 0 5 0 15 95RaBeDa.910
1232.4684 0.0020 0.0020 0 6 0 17 0 5 0 16 95RaBeDa.911
1233.8257 0.0020 0.0020 0 6 0 18 0 5 0 17 95RaBeDa.912
1179.1794 0.0020 0.0020 0 6 0 16 0 5 0 17 95RaBeDa.913
1235.1689 0.0020 0.0020 0 6 0 19 0 5 0 18 95RaBeDa.914
1177.4032 0.0020 0.0020 0 6 0 17 0 5 0 18 95RaBeDa.915
1236.4995 0.0020 0.0020 0 6 0 20 0 5 0 19 95RaBeDa.916
1175.6218 0.0020 0.0020 0 6 0 18 0 5 0 19 95RaBeDa.917
1237.8192 0.0020 0.0020 0 6 0 21 0 5 0 20 95RaBeDa.918
1173.8278 0.0020 0.0020 0 6 0 19 0 5 0 20 95RaBeDa.919
1239.1252 0.0020 0.0020 0 6 0 22 0 5 0 21 95RaBeDa.920
1172.0224 0.0020 0.0020 0 6 0 20 0 5 0 21 95RaBeDa.921
1240.4195 0.0020 0.0020 0 6 0 23 0 5 0 22 95RaBeDa.922
1170.2043 0.0020 0.0020 0 6 0 21 0 5 0 22 95RaBeDa.923
1241.6987 0.0020 0.0020 0 6 0 24 0 5 0 23 95RaBeDa.924
1168.3777 0.0020 0.0020 0 6 0 22 0 5 0 23 95RaBeDa.925
1242.9688 0.0020 0.0020 0 6 0 25 0 5 0 24 95RaBeDa.926
1166.5418 0.0020 0.0020 0 6 0 23 0 5 0 24 95RaBeDa.927
1244.2247 0.0020 0.0020 0 6 0 26 0 5 0 25 95RaBeDa.928
1164.6872 0.0020 0.0020 0 6 0 24 0 5 0 25 95RaBeDa.929
1245.4676 0.0020 0.0020 0 6 0 27 0 5 0 26 95RaBeDa.930
1162.8269 0.0020 0.0020 0 6 0 25 0 5 0 26 95RaBeDa.931
1246.6979 0.0020 0.0020 0 6 0 28 0 5 0 27 95RaBeDa.932
1160.9547 0.0020 0.0020 0 6 0 26 0 5 0 27 95RaBeDa.933
1247.9153 0.0020 0.0020 0 6 0 29 0 5 0 28 95RaBeDa.934
1159.0704 0.0020 0.0020 0 6 0 27 0 5 0 28 95RaBeDa.935
1249.1209 0.0020 0.0020 0 6 0 30 0 5 0 29 95RaBeDa.936
1157.1778 0.0020 0.0020 0 6 0 28 0 5 0 29 95RaBeDa.937
1250.3129 0.0020 0.0020 0 6 0 31 0 5 0 30 95RaBeDa.938
1155.2728 0.0020 0.0020 0 6 0 29 0 5 0 30 95RaBeDa.939
1251.4914 0.0020 0.0020 0 6 0 32 0 5 0 31 95RaBeDa.940
1153.3562 0.0020 0.0020 0 6 0 30 0 5 0 31 95RaBeDa.941
1252.6564 0.0020 0.0020 0 6 0 33 0 5 0 32 95RaBeDa.942
1151.4287 0.0020 0.0020 0 6 0 31 0 5 0 32 95RaBeDa.943
1253.8104 0.0020 0.0020 0 6 0 34 0 5 0 33 95RaBeDa.944
1149.4905 0.0020 0.0020 0 6 0 32 0 5 0 33 95RaBeDa.945
1254.9532 0.0020 0.0020 0 6 0 35 0 5 0 34 95RaBeDa.946
1147.5399 0.0020 0.0020 0 6 0 33 0 5 0 34 95RaBeDa.947
1256.0788 0.0020 0.0020 0 6 0 36 0 5 0 35 95RaBeDa.948
1145.5829 0.0020 0.0020 0 6 0 34 0 5 0 35 95RaBeDa.949
1257.1885 0.0020 0.0020 0 6 0 37 0 5 0 36 95RaBeDa.950
1143.6135 0.0020 0.0020 0 6 0 35 0 5 0 36 95RaBeDa.951
1258.2930 0.0020 0.0020 0 6 0 38 0 5 0 37 95RaBeDa.952
1141.6307 0.0020 0.0020 0 6 0 36 0 5 0 37 95RaBeDa.953
1259.3809 0.0020 0.0020 0 6 0 39 0 5 0 38 95RaBeDa.954
1139.6399 0.0020 0.0020 0 6 0 37 0 5 0 38 95RaBeDa.955
1137.6375 0.0020 0.0020 0 6 0 38 0 5 0 39 95RaBeDa.956
1261.5170 0.0020 0.0020 0 6 0 41 0 5 0 40 95RaBeDa.957
1135.6228 0.0020 0.0020 0 6 0 39 0 5 0 40 95RaBeDa.958
1262.5648 0.0020 0.0020 0 6 0 42 0 5 0 41 95RaBeDa.959
1133.6013 0.0020 0.0020 0 6 0 40 0 5 0 41 95RaBeDa.960
1270.4707 0.0020 0.0020 0 6 0 50 0 5 0 49 95RaBeDa.961
1117.0358 0.0020 0.0020 0 6 0 48 0 5 0 49 95RaBeDa.962
1271.3959 0.0020 0.0020 0 6 0 51 0 5 0 50 95RaBeDa.963
1114.9145 0.0020 0.0020 0 6 0 49 0 5 0 50 95RaBeDa.964
1272.3104 0.0020 0.0020 0 6 0 52 0 5 0 51 95RaBeDa.965
1112.7889 0.0020 0.0020 0 6 0 50 0 5 0 51 95RaBeDa.966
1273.2129 0.0020 0.0020 0 6 0 53 0 5 0 52 95RaBeDa.967
1110.6523 0.0020 0.0020 0 6 0 51 0 5 0 52 95RaBeDa.968
1274.0999 0.0020 0.0020 0 6 0 54 0 5 0 53 95RaBeDa.969
1108.5013 0.0020 0.0020 0 6 0 52 0 5 0 53 95RaBeDa.970
1274.9734 0.0020 0.0020 0 6 0 55 0 5 0 54 95RaBeDa.971
1106.3428 0.0020 0.0020 0 6 0 53 0 5 0 54 95RaBeDa.972
1275.8322 0.0020 0.0020 0 6 0 56 0 5 0 55 95RaBeDa.973
1104.1724 0.0020 0.0020 0 6 0 54 0 5 0 55 95RaBeDa.974
1276.6784 0.0020 0.0020 0 6 0 57 0 5 0 56 95RaBeDa.975
1101.9982 0.0020 0.0020 0 6 0 55 0 5 0 56 95RaBeDa.976
1277.5102 0.0020 0.0020 0 6 0 58 0 5 0 57 95RaBeDa.977
1099.8069 0.0020 0.0020 0 6 0 56 0 5 0 57 95RaBeDa.978
1278.3292 0.0020 0.0020 0 6 0 59 0 5 0 58 95RaBeDa.979
1097.6071 0.0020 0.0020 0 6 0 57 0 5 0 58 95RaBeDa.980
1279.1320 0.0020 0.0020 0 6 0 60 0 5 0 59 95RaBeDa.981
1095.3973 0.0020 0.0020 0 6 0 58 0 5 0 59 95RaBeDa.982
1279.9226 0.0020 0.0020 0 6 0 61 0 5 0 60 95RaBeDa.983
1093.1784 0.0020 0.0020 0 6 0 59 0 5 0 60 95RaBeDa.984
1280.6987 0.0020 0.0020 0 6 0 62 0 5 0 61 95RaBeDa.985
1090.9467 0.0020 0.0020 0 6 0 60 0 5 0 61 95RaBeDa.986
1281.4629 0.0020 0.0020 0 6 0 63 0 5 0 62 95RaBeDa.987
1088.7091 0.0020 0.0020 0 6 0 61 0 5 0 62 95RaBeDa.988
1282.2093 0.0020 0.0020 0 6 0 64 0 5 0 63 95RaBeDa.989
1086.4597 0.0020 0.0020 0 6 0 62 0 5 0 63 95RaBeDa.990
1282.9450 0.0020 0.0020 0 6 0 65 0 5 0 64 95RaBeDa.991
1084.2025 0.0020 0.0020 0 6 0 63 0 5 0 64 95RaBeDa.992
1283.6666 0.0020 0.0020 0 6 0 66 0 5 0 65 95RaBeDa.993
1081.9291 0.0020 0.0020 0 6 0 64 0 5 0 65 95RaBeDa.994
1284.3726 0.0020 0.0020 0 6 0 67 0 5 0 66 95RaBeDa.995
1079.6527 0.0020 0.0020 0 6 0 65 0 5 0 66 95RaBeDa.996
1285.0636 0.0020 0.0020 0 6 0 68 0 5 0 67 95RaBeDa.997
1077.3606 0.0020 0.0020 0 6 0 66 0 5 0 67 95RaBeDa.998
1285.7426 0.0020 0.0020 0 6 0 69 0 5 0 68 95RaBeDa.999
1075.0649 0.0020 0.0020 0 6 0 67 0 5 0 68 95RaBeDa.1000
1286.4077 0.0020 0.0020 0 6 0 70 0 5 0 69 95RaBeDa.1001
1287.0572 0.0020 0.0020 0 6 0 71 0 5 0 70 95RaBeDa.1002
1070.4353 0.0020 0.0020 0 6 0 69 0 5 0 70 95RaBeDa.1003
1068.1101 0.0020 0.0020 0 6 0 70 0 5 0 71 95RaBeDa.1004
1065.7694 0.0020 0.0020 0 6 0 71 0 5 0 72 95RaBeDa.1005
1063.4255 0.0020 0.0020 0 6 0 72 0 5 0 73 95RaBeDa.1006
1289.5106 0.0020 0.0020 0 6 0 75 0 5 0 74 95RaBeDa.1007
1061.0661 0.0020 0.0020 0 6 0 73 0 5 0 74 95RaBeDa.1008
1290.0899 0.0020 0.0020 0 6 0 76 0 5 0 75 95RaBeDa.1009
1058.6996 0.0020 0.0020 0 6 0 74 0 5 0 75 95RaBeDa.1010
1290.6531 0.0020 0.0020 0 6 0 77 0 5 0 76 95RaBeDa.1011
1056.3241 0.0020 0.0020 0 6 0 75 0 5 0 76 95RaBeDa.1012
1291.2003 0.0020 0.0020 0 6 0 78 0 5 0 77 95RaBeDa.1013
1053.9360 0.0020 0.0020 0 6 0 76 0 5 0 77 95RaBeDa.1014
1291.7369 0.0020 0.0020 0 6 0 79 0 5 0 78 95RaBeDa.1015
1051.5462 0.0020 0.0020 0 6 0 77 0 5 0 78 95RaBeDa.1016
1292.2547 0.0020 0.0020 0 6 0 80 0 5 0 79 95RaBeDa.1017
1049.1363 0.0020 0.0020 0 6 0 78 0 5 0 79 95RaBeDa.1018
1292.7595 0.0020 0.0020 0 6 0 81 0 5 0 80 95RaBeDa.1019
1046.7212 0.0020 0.0020 0 6 0 79 0 5 0 80 95RaBeDa.1020
1044.2961 0.0020 0.0020 0 6 0 80 0 5 0 81 95RaBeDa.1021
1041.8643 0.0020 0.0020 0 6 0 81 0 5 0 82 95RaBeDa.1022
1294.1885 0.0020 0.0020 0 6 0 84 0 5 0 83 95RaBeDa.1023
1039.4250 0.0020 0.0020 0 6 0 82 0 5 0 83 95RaBeDa.1024
1294.6357 0.0020 0.0020 0 6 0 85 0 5 0 84 95RaBeDa.1025
1036.9715 0.0020 0.0020 0 6 0 83 0 5 0 84 95RaBeDa.1026
1295.0632 0.0020 0.0020 0 6 0 86 0 5 0 85 95RaBeDa.1027
1295.4808 0.0020 0.0020 0 6 0 87 0 5 0 86 95RaBeDa.1028
1295.8895 0.0020 0.0020 0 6 0 88 0 5 0 87 95RaBeDa.1029
1296.2749 0.0020 0.0020 0 6 0 89 0 5 0 88 95RaBeDa.1030
1211.0792 0.0020 0.0020 0 7 0 11 0 6 0 10 95RaBeDa.1031
1178.5184 0.0020 0.0020 0 7 0 9 0 6 0 10 95RaBeDa.1032
1212.5014 0.0020 0.0020 0 7 0 12 0 6 0 11 95RaBeDa.1033
1176.8388 0.0020 0.0020 0 7 0 10 0 6 0 11 95RaBeDa.1034
1213.9066 0.0020 0.0020 0 7 0 13 0 6 0 12 95RaBeDa.1035
1175.1482 0.0020 0.0020 0 7 0 11 0 6 0 12 95RaBeDa.1036
1215.2992 0.0020 0.0020 0 7 0 14 0 6 0 13 95RaBeDa.1037
1173.4435 0.0020 0.0020 0 7 0 12 0 6 0 13 95RaBeDa.1038
1216.6797 0.0020 0.0020 0 7 0 15 0 6 0 14 95RaBeDa.1039
1171.7295 0.0020 0.0020 0 7 0 13 0 6 0 14 95RaBeDa.1040
1218.0504 0.0020 0.0020 0 7 0 16 0 6 0 15 95RaBeDa.1041
1219.4086 0.0020 0.0020 0 7 0 17 0 6 0 16 95RaBeDa.1042
1168.2672 0.0020 0.0020 0 7 0 15 0 6 0 16 95RaBeDa.1043
1220.7515 0.0020 0.0020 0 7 0 18 0 6 0 17 95RaBeDa.1044
1222.0853 0.0020 0.0020 0 7 0 19 0 6 0 18 95RaBeDa.1045
1164.7573 0.0020 0.0020 0 7 0 17 0 6 0 18 95RaBeDa.1046
1223.4024 0.0020 0.0020 0 7 0 20 0 6 0 19 95RaBeDa.1047
1162.9848 0.0020 0.0020 0 7 0 18 0 6 0 19 95RaBeDa.1048
1224.7105 0.0020 0.0020 0 7 0 21 0 6 0 20 95RaBeDa.1049
1161.2069 0.0020 0.0020 0 7 0 19 0 6 0 20 95RaBeDa.1050
1226.0060 0.0020 0.0020 0 7 0 22 0 6 0 21 95RaBeDa.1051
1159.4111 0.0020 0.0020 0 7 0 20 0 6 0 21 95RaBeDa.1052
1227.2878 0.0020 0.0020 0 7 0 23 0 6 0 22 95RaBeDa.1053
1157.6066 0.0020 0.0020 0 7 0 21 0 6 0 22 95RaBeDa.1054
1228.5549 0.0020 0.0020 0 7 0 24 0 6 0 23 95RaBeDa.1055
1155.7892 0.0020 0.0020 0 7 0 22 0 6 0 23 95RaBeDa.1056
1229.8124 0.0020 0.0020 0 7 0 25 0 6 0 24 95RaBeDa.1057
1153.9636 0.0020 0.0020 0 7 0 23 0 6 0 24 95RaBeDa.1058
1231.0566 0.0020 0.0020 0 7 0 26 0 6 0 25 95RaBeDa.1059
1152.1272 0.0020 0.0020 0 7 0 24 0 6 0 25 95RaBeDa.1060
1232.2883 0.0020 0.0020 0 7 0 27 0 6 0 26 95RaBeDa.1061
1150.2762 0.0020 0.0020 0 7 0 25 0 6 0 26 95RaBeDa.1062
1233.5041 0.0020 0.0020 0 7 0 28 0 6 0 27 95RaBeDa.1063
1148.4166 0.0020 0.0020 0 7 0 26 0 6 0 27 95RaBeDa.1064
1234.7114 0.0020 0.0020 0 7 0 29 0 6 0 28 95RaBeDa.1065
1146.5439 0.0020 0.0020 0 7 0 27 0 6 0 28 95RaBeDa.1066
1235.9032 0.0020 0.0020 0 7 0 30 0 6 0 29 95RaBeDa.1067
1144.6613 0.0020 0.0020 0 7 0 28 0 6 0 29 95RaBeDa.1068
1237.0826 0.0020 0.0020 0 7 0 31 0 6 0 30 95RaBeDa.1069
1238.2490 0.0020 0.0020 0 7 0 32 0 6 0 31 95RaBeDa.1070
1140.8628 0.0020 0.0020 0 7 0 30 0 6 0 31 95RaBeDa.1071
1239.4053 0.0020 0.0020 0 7 0 33 0 6 0 32 95RaBeDa.1072
1138.9498 0.0020 0.0020 0 7 0 31 0 6 0 32 95RaBeDa.1073
1240.5462 0.0020 0.0020 0 7 0 34 0 6 0 33 95RaBeDa.1074
1137.0224 0.0020 0.0020 0 7 0 32 0 6 0 33 95RaBeDa.1075
1241.6735 0.0020 0.0020 0 7 0 35 0 6 0 34 95RaBeDa.1076
1135.0833 0.0020 0.0020 0 7 0 33 0 6 0 34 95RaBeDa.1077
1133.1385 0.0020 0.0020 0 7 0 34 0 6 0 35 95RaBeDa.1078
1243.8904 0.0020 0.0020 0 7 0 37 0 6 0 36 95RaBeDa.1079
1131.1778 0.0020 0.0020 0 7 0 35 0 6 0 36 95RaBeDa.1080
1244.9793 0.0020 0.0020 0 7 0 38 0 6 0 37 95RaBeDa.1081
1129.2108 0.0020 0.0020 0 7 0 36 0 6 0 37 95RaBeDa.1082
1246.0559 0.0020 0.0020 0 7 0 39 0 6 0 38 95RaBeDa.1083
1127.2264 0.0020 0.0020 0 7 0 37 0 6 0 38 95RaBeDa.1084
1247.1148 0.0020 0.0020 0 7 0 40 0 6 0 39 95RaBeDa.1085
1125.2391 0.0020 0.0020 0 7 0 38 0 6 0 39 95RaBeDa.1086
1248.1660 0.0020 0.0020 0 7 0 41 0 6 0 40 95RaBeDa.1087
1123.2367 0.0020 0.0020 0 7 0 39 0 6 0 40 95RaBeDa.1088
1249.2047 0.0020 0.0020 0 7 0 42 0 6 0 41 95RaBeDa.1089
1121.2215 0.0020 0.0020 0 7 0 40 0 6 0 41 95RaBeDa.1090
1257.0072 0.0020 0.0020 0 7 0 50 0 6 0 49 95RaBeDa.1091
1257.9257 0.0020 0.0020 0 7 0 51 0 6 0 50 95RaBeDa.1092
1102.6449 0.0020 0.0020 0 7 0 49 0 6 0 50 95RaBeDa.1093
1258.8269 0.0020 0.0020 0 7 0 52 0 6 0 51 95RaBeDa.1094
1100.5296 0.0020 0.0020 0 7 0 50 0 6 0 51 95RaBeDa.1095
1259.7168 0.0020 0.0020 0 7 0 53 0 6 0 52 95RaBeDa.1096
1098.4012 0.0020 0.0020 0 7 0 51 0 6 0 52 95RaBeDa.1097
1260.5911 0.0020 0.0020 0 7 0 54 0 6 0 53 95RaBeDa.1098
1096.2657 0.0020 0.0020 0 7 0 52 0 6 0 53 95RaBeDa.1099
1261.4535 0.0020 0.0020 0 7 0 55 0 6 0 54 95RaBeDa.1100
1094.1191 0.0020 0.0020 0 7 0 53 0 6 0 54 95RaBeDa.1101
1262.2982 0.0020 0.0020 0 7 0 56 0 6 0 55 95RaBeDa.1102
1091.9621 0.0020 0.0020 0 7 0 54 0 6 0 55 95RaBeDa.1103
1263.1294 0.0020 0.0020 0 7 0 57 0 6 0 56 95RaBeDa.1104
1089.7929 0.0020 0.0020 0 7 0 55 0 6 0 56 95RaBeDa.1105
1263.9534 0.0020 0.0020 0 7 0 58 0 6 0 57 95RaBeDa.1106
1087.6168 0.0020 0.0020 0 7 0 56 0 6 0 57 95RaBeDa.1107
1264.7552 0.0020 0.0020 0 7 0 59 0 6 0 58 95RaBeDa.1108
1085.4295 0.0020 0.0020 0 7 0 57 0 6 0 58 95RaBeDa.1109
1265.5481 0.0020 0.0020 0 7 0 60 0 6 0 59 95RaBeDa.1110
1083.2331 0.0020 0.0020 0 7 0 58 0 6 0 59 95RaBeDa.1111
1266.3268 0.0020 0.0020 0 7 0 61 0 6 0 60 95RaBeDa.1112
1081.0191 0.0020 0.0020 0 7 0 59 0 6 0 60 95RaBeDa.1113
1267.0908 0.0020 0.0020 0 7 0 62 0 6 0 61 95RaBeDa.1114
1078.8028 0.0020 0.0020 0 7 0 60 0 6 0 61 95RaBeDa.1115
1267.8429 0.0020 0.0020 0 7 0 63 0 6 0 62 95RaBeDa.1116
1076.5773 0.0020 0.0020 0 7 0 61 0 6 0 62 95RaBeDa.1117
1268.5755 0.0020 0.0020 0 7 0 64 0 6 0 63 95RaBeDa.1118
1269.3001 0.0020 0.0020 0 7 0 65 0 6 0 64 95RaBeDa.1119
1072.0856 0.0020 0.0020 0 7 0 63 0 6 0 64 95RaBeDa.1120
1069.8288 0.0020 0.0020 0 7 0 64 0 6 0 65 95RaBeDa.1121
1270.7005 0.0020 0.0020 0 7 0 67 0 6 0 66 95RaBeDa.1122
1067.5652 0.0020 0.0020 0 7 0 65 0 6 0 66 95RaBeDa.1123
1271.3830 0.0020 0.0020 0 7 0 68 0 6 0 67 95RaBeDa.1124
1065.2835 0.0020 0.0020 0 7 0 66 0 6 0 67 95RaBeDa.1125
1272.0480 0.0020 0.0020 0 7 0 69 0 6 0 68 95RaBeDa.1126
1062.9982 0.0020 0.0020 0 7 0 67 0 6 0 68 95RaBeDa.1127
1272.6976 0.0020 0.0020 0 7 0 70 0 6 0 69 95RaBeDa.1128
1060.7015 0.0020 0.0020 0 7 0 68 0 6 0 69 95RaBeDa.1129
1273.3352 0.0020 0.0020 0 7 0 71 0 6 0 70 95RaBeDa.1130
1058.3941 0.0020 0.0020 0 7 0 69 0 6 0 70 95RaBeDa.1131
1273.9572 0.0020 0.0020 0 7 0 72 0 6 0 71 95RaBeDa.1132
1056.0753 0.0020 0.0020 0 7 0 70 0 6 0 71 95RaBeDa.1133
1053.7545 0.0020 0.0020 0 7 0 71 0 6 0 72 95RaBeDa.1134
1275.1598 0.0020 0.0020 0 7 0 74 0 6 0 73 95RaBeDa.1135
1051.4127 0.0020 0.0020 0 7 0 72 0 6 0 73 95RaBeDa.1136
1275.7366 0.0020 0.0020 0 7 0 75 0 6 0 74 95RaBeDa.1137
1049.0701 0.0020 0.0020 0 7 0 73 0 6 0 74 95RaBeDa.1138
1276.3061 0.0020 0.0020 0 7 0 76 0 6 0 75 95RaBeDa.1139
1046.7140 0.0020 0.0020 0 7 0 74 0 6 0 75 95RaBeDa.1140
1276.8549 0.0020 0.0020 0 7 0 77 0 6 0 76 95RaBeDa.1141
1044.3488 0.0020 0.0020 0 7 0 75 0 6 0 76 95RaBeDa.1142
1277.3898 0.0020 0.0020 0 7 0 78 0 6 0 77 95RaBeDa.1143
1277.9127 0.0020 0.0020 0 7 0 79 0 6 0 78 95RaBeDa.1144
1278.4194 0.0020 0.0020 0 7 0 80 0 6 0 79 95RaBeDa.1145
1278.9105 0.0020 0.0020 0 7 0 81 0 6 0 80 95RaBeDa.1146
1279.8495 0.0020 0.0020 0 7 0 83 0 6 0 82 95RaBeDa.1147
1280.3038 0.0020 0.0020 0 7 0 84 0 6 0 83 95RaBeDa.1148
1280.7354 0.0020 0.0020 0 7 0 85 0 6 0 84 95RaBeDa.1149
1281.9452 0.0020 0.0020 0 7 0 88 0 6 0 87 95RaBeDa.1150
1282.3246 0.0020 0.0020 0 7 0 89 0 6 0 88 95RaBeDa.1151
1169.1101 0.0020 0.0020 0 8 0 7 0 7 0 8 95RaBeDa.1152
1167.4616 0.0020 0.0020 0 8 0 8 0 7 0 9 95RaBeDa.1153
1165.8010 0.0020 0.0020 0 8 0 9 0 7 0 10 95RaBeDa.1154
1164.1315 0.0020 0.0020 0 8 0 10 0 7 0 11 95RaBeDa.1155
1200.9139 0.0020 0.0020 0 8 0 13 0 7 0 12 95RaBeDa.1156
1202.2985 0.0020 0.0020 0 8 0 14 0 7 0 13 95RaBeDa.1157
1160.7670 0.0020 0.0020 0 8 0 12 0 7 0 13 95RaBeDa.1158
1203.6673 0.0020 0.0020 0 8 0 15 0 7 0 14 95RaBeDa.1159
1159.0603 0.0020 0.0020 0 8 0 13 0 7 0 14 95RaBeDa.1160
1205.0250 0.0020 0.0020 0 8 0 16 0 7 0 15 95RaBeDa.1161
1155.6212 0.0020 0.0020 0 8 0 15 0 7 0 16 95RaBeDa.1162
1207.7047 0.0020 0.0020 0 8 0 18 0 7 0 17 95RaBeDa.1163
1153.8849 0.0020 0.0020 0 8 0 16 0 7 0 17 95RaBeDa.1164
1209.0219 0.0020 0.0020 0 8 0 19 0 7 0 18 95RaBeDa.1165
1210.3283 0.0020 0.0020 0 8 0 20 0 7 0 19 95RaBeDa.1166
1150.3764 0.0020 0.0020 0 8 0 18 0 7 0 19 95RaBeDa.1167
1211.6242 0.0020 0.0020 0 8 0 21 0 7 0 20 95RaBeDa.1168
1148.6053 0.0020 0.0020 0 8 0 19 0 7 0 20 95RaBeDa.1169
1212.9067 0.0020 0.0020 0 8 0 22 0 7 0 21 95RaBeDa.1170
1146.8260 0.0020 0.0020 0 8 0 20 0 7 0 21 95RaBeDa.1171
1145.0306 0.0020 0.0020 0 8 0 21 0 7 0 22 95RaBeDa.1172
1215.4326 0.0020 0.0020 0 8 0 24 0 7 0 23 95RaBeDa.1173
1143.2241 0.0020 0.0020 0 8 0 22 0 7 0 23 95RaBeDa.1174
1216.6797 0.0020 0.0020 0 8 0 25 0 7 0 24 95RaBeDa.1175
1141.4132 0.0020 0.0020 0 8 0 23 0 7 0 24 95RaBeDa.1176
1217.9099 0.0020 0.0020 0 8 0 26 0 7 0 25 95RaBeDa.1177
1139.5816 0.0020 0.0020 0 8 0 24 0 7 0 25 95RaBeDa.1178
1219.1287 0.0020 0.0020 0 8 0 27 0 7 0 26 95RaBeDa.1179
1137.7464 0.0020 0.0020 0 8 0 25 0 7 0 26 95RaBeDa.1180
1220.3329 0.0020 0.0020 0 8 0 28 0 7 0 27 95RaBeDa.1181
1221.5303 0.0020 0.0020 0 8 0 29 0 7 0 28 95RaBeDa.1182
1134.0361 0.0020 0.0020 0 8 0 27 0 7 0 28 95RaBeDa.1183
1132.1657 0.0020 0.0020 0 8 0 28 0 7 0 29 95RaBeDa.1184
1223.8760 0.0020 0.0020 0 8 0 31 0 7 0 30 95RaBeDa.1185
1130.2887 0.0020 0.0020 0 8 0 29 0 7 0 30 95RaBeDa.1186
1243.5708 0.0020 0.0020 0 8 0 50 0 7 0 49 95RaBeDa.1187
1244.4744 0.0020 0.0020 0 8 0 51 0 7 0 50 95RaBeDa.1188
1090.3902 0.0020 0.0020 0 8 0 49 0 7 0 50 95RaBeDa.1189
1245.3648 0.0020 0.0020 0 8 0 52 0 7 0 51 95RaBeDa.1190
1088.2900 0.0020 0.0020 0 8 0 50 0 7 0 51 95RaBeDa.1191
1246.2401 0.0020 0.0020 0 8 0 53 0 7 0 52 95RaBeDa.1192
1086.1757 0.0020 0.0020 0 8 0 51 0 7 0 52 95RaBeDa.1193
1247.1031 0.0020 0.0020 0 8 0 54 0 7 0 53 95RaBeDa.1194
1084.0478 0.0020 0.0020 0 8 0 52 0 7 0 53 95RaBeDa.1195
1247.9481 0.0020 0.0020 0 8 0 55 0 7 0 54 95RaBeDa.1196
1081.9154 0.0020 0.0020 0 8 0 53 0 7 0 54 95RaBeDa.1197
1248.7869 0.0020 0.0020 0 8 0 56 0 7 0 55 95RaBeDa.1198
1079.7650 0.0020 0.0020 0 8 0 54 0 7 0 55 95RaBeDa.1199
1249.6052 0.0020 0.0020 0 8 0 57 0 7 0 56 95RaBeDa.1200
1077.6130 0.0020 0.0020 0 8 0 55 0 7 0 56 95RaBeDa.1201
1250.4157 0.0020 0.0020 0 8 0 58 0 7 0 57 95RaBeDa.1202
1075.4448 0.0020 0.0020 0 8 0 56 0 7 0 57 95RaBeDa.1203
1251.2061 0.0020 0.0020 0 8 0 59 0 7 0 58 95RaBeDa.1204
1251.9853 0.0020 0.0020 0 8 0 60 0 7 0 59 95RaBeDa.1205
1071.0801 0.0020 0.0020 0 8 0 58 0 7 0 59 95RaBeDa.1206
1252.7513 0.0020 0.0020 0 8 0 61 0 7 0 60 95RaBeDa.1207
1068.8875 0.0020 0.0020 0 8 0 59 0 7 0 60 95RaBeDa.1208
1253.5026 0.0020 0.0020 0 8 0 62 0 7 0 61 95RaBeDa.1209
1066.6816 0.0020 0.0020 0 8 0 60 0 7 0 61 95RaBeDa.1210
1254.2388 0.0020 0.0020 0 8 0 63 0 7 0 62 95RaBeDa.1211
1064.4650 0.0020 0.0020 0 8 0 61 0 7 0 62 95RaBeDa.1212
1062.2380 0.0020 0.0020 0 8 0 62 0 7 0 63 95RaBeDa.1213
1255.6727 0.0020 0.0020 0 8 0 65 0 7 0 64 95RaBeDa.1214
1059.9991 0.0020 0.0020 0 8 0 63 0 7 0 64 95RaBeDa.1215
1256.3718 0.0020 0.0020 0 8 0 66 0 7 0 65 95RaBeDa.1216
1057.7542 0.0020 0.0020 0 8 0 64 0 7 0 65 95RaBeDa.1217
1055.4948 0.0020 0.0020 0 8 0 65 0 7 0 66 95RaBeDa.1218
1257.7193 0.0020 0.0020 0 8 0 68 0 7 0 67 95RaBeDa.1219
1053.2290 0.0020 0.0020 0 8 0 66 0 7 0 67 95RaBeDa.1220
1258.3701 0.0020 0.0020 0 8 0 69 0 7 0 68 95RaBeDa.1221
1050.9589 0.0020 0.0020 0 8 0 67 0 7 0 68 95RaBeDa.1222
1259.0081 0.0020 0.0020 0 8 0 70 0 7 0 69 95RaBeDa.1223
1048.6744 0.0020 0.0020 0 8 0 68 0 7 0 69 95RaBeDa.1224
1259.6315 0.0020 0.0020 0 8 0 71 0 7 0 70 95RaBeDa.1225
1046.3743 0.0020 0.0020 0 8 0 69 0 7 0 70 95RaBeDa.1226
1199.8301 0.0020 0.0020 0 9 0 22 0 8 0 21 95RaBeDa.1227
1201.0754 0.0020 0.0020 0 9 0 23 0 8 0 22 95RaBeDa.1228
1202.3185 0.0020 0.0020 0 9 0 24 0 8 0 23 95RaBeDa.1229
1130.6801 0.0020 0.0020 0 9 0 22 0 8 0 23 95RaBeDa.1230
1203.5504 0.0020 0.0020 0 9 0 25 0 8 0 24 95RaBeDa.1231
1128.8781 0.0020 0.0020 0 9 0 23 0 8 0 24 95RaBeDa.1232
1204.7826 0.0020 0.0020 0 9 0 26 0 8 0 25 95RaBeDa.1233
1127.0627 0.0020 0.0020 0 9 0 24 0 8 0 25 95RaBeDa.1234
1205.9881 0.0020 0.0020 0 9 0 27 0 8 0 26 95RaBeDa.1235
1125.2391 0.0020 0.0020 0 9 0 25 0 8 0 26 95RaBeDa.1236
1207.1842 0.0020 0.0020 0 9 0 28 0 8 0 27 95RaBeDa.1237
1123.4027 0.0020 0.0020 0 9 0 26 0 8 0 27 95RaBeDa.1238
1208.3663 0.0020 0.0020 0 9 0 29 0 8 0 28 95RaBeDa.1239
1121.5564 0.0020 0.0020 0 9 0 27 0 8 0 28 95RaBeDa.1240
1209.5269 0.0020 0.0020 0 9 0 30 0 8 0 29 95RaBeDa.1241
1119.6913 0.0020 0.0020 0 9 0 28 0 8 0 29 95RaBeDa.1242
1210.6886 0.0020 0.0020 0 9 0 31 0 8 0 30 95RaBeDa.1243
1117.8175 0.0020 0.0020 0 9 0 29 0 8 0 30 95RaBeDa.1244
1212.9611 0.0020 0.0020 0 9 0 33 0 8 0 32 95RaBeDa.1245
1214.0743 0.0020 0.0020 0 9 0 34 0 8 0 33 95RaBeDa.1246
1112.1496 0.0020 0.0020 0 9 0 32 0 8 0 33 95RaBeDa.1247
1110.2370 0.0020 0.0020 0 9 0 33 0 8 0 34 95RaBeDa.1248
1108.3117 0.0020 0.0020 0 9 0 34 0 8 0 35 95RaBeDa.1249
1216.2700 0.0020 0.0020 0 9 0 37 0 8 0 36 95RaBeDa.1250
1106.3745 0.0020 0.0020 0 9 0 35 0 8 0 36 95RaBeDa.1251
1217.3502 0.0020 0.0020 0 9 0 38 0 8 0 37 95RaBeDa.1252
1104.4285 0.0020 0.0020 0 9 0 36 0 8 0 37 95RaBeDa.1253
1102.4701 0.0020 0.0020 0 9 0 37 0 8 0 38 95RaBeDa.1254
1219.4639 0.0020 0.0020 0 9 0 40 0 8 0 39 95RaBeDa.1255
1100.5044 0.0020 0.0020 0 9 0 38 0 8 0 39 95RaBeDa.1256
1220.5022 0.0020 0.0020 0 9 0 41 0 8 0 40 95RaBeDa.1257
1098.5235 0.0020 0.0020 0 9 0 39 0 8 0 40 95RaBeDa.1258
1221.5303 0.0020 0.0020 0 9 0 42 0 8 0 41 95RaBeDa.1259
1096.5341 0.0020 0.0020 0 9 0 40 0 8 0 41 95RaBeDa.1260
1222.5376 0.0020 0.0020 0 9 0 43 0 8 0 42 95RaBeDa.1261
1094.5350 0.0020 0.0020 0 9 0 41 0 8 0 42 95RaBeDa.1262
1223.5371 0.0020 0.0020 0 9 0 44 0 8 0 43 95RaBeDa.1263
1092.5328 0.0020 0.0020 0 9 0 42 0 8 0 43 95RaBeDa.1264
1090.5091 0.0020 0.0020 0 9 0 43 0 8 0 44 95RaBeDa.1265
1225.4992 0.0020 0.0020 0 9 0 46 0 8 0 45 95RaBeDa.1266
1088.4741 0.0020 0.0020 0 9 0 44 0 8 0 45 95RaBeDa.1267
1226.4469 0.0020 0.0020 0 9 0 47 0 8 0 46 95RaBeDa.1268
1086.4361 0.0020 0.0020 0 9 0 45 0 8 0 46 95RaBeDa.1269
1227.3992 0.0020 0.0020 0 9 0 48 0 8 0 47 95RaBeDa.1270
1084.3847 0.0020 0.0020 0 9 0 46 0 8 0 47 95RaBeDa.1271
1228.3253 0.0020 0.0020 0 9 0 49 0 8 0 48 95RaBeDa.1272
1080.2444 0.0020 0.0020 0 9 0 48 0 8 0 49 95RaBeDa.1273
1231.0407 0.0020 0.0020 0 9 0 51 0 8 0 50 95RaBeDa.1274
1078.1703 0.0020 0.0020 0 9 0 49 0 8 0 50 95RaBeDa.1275
1231.9225 0.0020 0.0020 0 9 0 52 0 8 0 51 95RaBeDa.1276
1076.0747 0.0020 0.0020 0 9 0 50 0 8 0 51 95RaBeDa.1277
1232.7820 0.0020 0.0020 0 9 0 53 0 8 0 52 95RaBeDa.1278
1073.9698 0.0020 0.0020 0 9 0 51 0 8 0 52 95RaBeDa.1279
1233.6313 0.0020 0.0020 0 9 0 54 0 8 0 53 95RaBeDa.1280
1071.8531 0.0020 0.0020 0 9 0 52 0 8 0 53 95RaBeDa.1281
1234.4686 0.0020 0.0020 0 9 0 55 0 8 0 54 95RaBeDa.1282
1069.7334 0.0020 0.0020 0 9 0 53 0 8 0 54 95RaBeDa.1283
1235.2906 0.0020 0.0020 0 9 0 56 0 8 0 55 95RaBeDa.1284
1067.5986 0.0020 0.0020 0 9 0 54 0 8 0 55 95RaBeDa.1285
1236.0978 0.0020 0.0020 0 9 0 57 0 8 0 56 95RaBeDa.1286
1065.4905 0.0020 0.0020 0 9 0 55 0 8 0 56 95RaBeDa.1287
1236.8970 0.0020 0.0020 0 9 0 58 0 8 0 57 95RaBeDa.1288
1063.2962 0.0020 0.0020 0 9 0 56 0 8 0 57 95RaBeDa.1289
1237.6787 0.0020 0.0020 0 9 0 59 0 8 0 58 95RaBeDa.1290
1061.1327 0.0020 0.0020 0 9 0 57 0 8 0 58 95RaBeDa.1291
1238.4408 0.0020 0.0020 0 9 0 60 0 8 0 59 95RaBeDa.1292
1058.9531 0.0020 0.0020 0 9 0 58 0 8 0 59 95RaBeDa.1293
1241.3739 0.0020 0.0020 0 9 0 64 0 8 0 63 95RaBeDa.1294
1242.0667 0.0020 0.0020 0 9 0 65 0 8 0 64 95RaBeDa.1295
1242.7467 0.0020 0.0020 0 9 0 66 0 8 0 65 95RaBeDa.1296
1243.4198 0.0020 0.0020 0 9 0 67 0 8 0 66 95RaBeDa.1297
1245.3431 0.0020 0.0020 0 9 0 70 0 8 0 69 95RaBeDa.1298
1246.5470 0.0020 0.0020 0 9 0 71 0 8 0 70 95RaBeDa.1299
1247.7015 0.0020 0.0020 0 9 0 74 0 8 0 73 95RaBeDa.1300
1081.453379 0.0003 0.0003 0 1 0 89 0 0 0 90 15CoHa.1
1084.019247 0.0003 0.0003 0 1 0 88 0 0 0 89 15CoHa.2
1089.121452 0.0003 0.0003 0 1 0 86 0 0 0 87 15CoHa.3
1091.657471 0.0003 0.0003 0 1 0 85 0 0 0 86 15CoHa.4
1094.188701 0.0003 0.0003 0 1 0 84 0 0 0 85 15CoHa.5
1096.704161 0.0003 0.0003 0 1 0 83 0 0 0 84 15CoHa.6
1099.215121 0.0003 0.0003 0 1 0 82 0 0 0 83 15CoHa.7
1101.715423 0.0003 0.0003 0 1 0 81 0 0 0 82 15CoHa.8
1104.203868 0.0003 0.0003 0 1 0 80 0 0 0 81 15CoHa.9
1109.156292 0.0003 0.0003 0 1 0 78 0 0 0 79 15CoHa.10
1111.617647 0.0003 0.0003 0 1 0 77 0 0 0 78 15CoHa.11
1116.515168 0.0003 0.0003 0 1 0 75 0 0 0 76 15CoHa.12
1118.947639 0.0003 0.0003 0 1 0 74 0 0 0 75 15CoHa.13
1121.371268 0.0003 0.0003 0 1 0 73 0 0 0 74 15CoHa.14
1123.786600 0.0003 0.0003 0 1 0 72 0 0 0 73 15CoHa.15
1126.190670 0.0003 0.0003 0 1 0 71 0 0 0 72 15CoHa.16
1128.586596 0.0003 0.0003 0 1 0 70 0 0 0 71 15CoHa.17
1130.972340 0.0003 0.0003 0 1 0 69 0 0 0 70 15CoHa.18
1133.347980 0.0003 0.0003 0 1 0 68 0 0 0 69 15CoHa.19
1135.713808 0.0003 0.0003 0 1 0 67 0 0 0 68 15CoHa.20
1138.070008 0.0003 0.0003 0 1 0 66 0 0 0 67 15CoHa.21
1140.416811 0.0003 0.0003 0 1 0 65 0 0 0 66 15CoHa.22
1142.753711 0.0003 0.0003 0 1 0 64 0 0 0 65 15CoHa.23
1145.080067 0.0003 0.0003 0 1 0 63 0 0 0 64 15CoHa.24
1147.397687 0.0003 0.0003 0 1 0 62 0 0 0 63 15CoHa.25
1149.703416 0.0003 0.0003 0 1 0 61 0 0 0 62 15CoHa.26
1152.001689 0.0003 0.0003 0 1 0 60 0 0 0 61 15CoHa.27
1154.291356 0.0003 0.0003 0 1 0 59 0 0 0 60 15CoHa.28
1156.567356 0.0003 0.0003 0 1 0 58 0 0 0 59 15CoHa.29
1158.834144 0.0003 0.0003 0 1 0 57 0 0 0 58 15CoHa.30
1161.091179 0.0003 0.0003 0 1 0 56 0 0 0 57 15CoHa.31
1163.338444 0.0003 0.0003 0 1 0 55 0 0 0 56 15CoHa.32
1165.575920 0.0003 0.0003 0 1 0 54 0 0 0 55 15CoHa.33
1167.801457 0.0003 0.0003 0 1 0 53 0 0 0 54 15CoHa.34
1170.018930 0.0003 0.0003 0 1 0 52 0 0 0 53 15CoHa.35
1172.225725 0.0003 0.0003 0 1 0 51 0 0 0 52 15CoHa.36
1174.421921 0.0003 0.0003 0 1 0 50 0 0 0 51 15CoHa.37
1176.607558 0.0003 0.0003 0 1 0 49 0 0 0 50 15CoHa.38
1178.783918 0.0003 0.0003 0 1 0 48 0 0 0 49 15CoHa.39
1180.948907 0.0003 0.0003 0 1 0 47 0 0 0 48 15CoHa.40
1183.104259 0.0003 0.0003 0 1 0 46 0 0 0 47 15CoHa.41
1185.248887 0.0003 0.0003 0 1 0 45 0 0 0 46 15CoHa.42
1187.383405 0.0003 0.0003 0 1 0 44 0 0 0 45 15CoHa.43
1191.620878 0.0003 0.0003 0 1 0 42 0 0 0 43 15CoHa.44
1193.723505 0.0003 0.0003 0 1 0 41 0 0 0 42 15CoHa.45
1195.816373 0.0003 0.0003 0 1 0 40 0 0 0 41 15CoHa.46
1197.898167 0.0003 0.0003 0 1 0 39 0 0 0 40 15CoHa.47
1199.969367 0.0003 0.0003 0 1 0 38 0 0 0 39 15CoHa.48
1202.030149 0.0003 0.0003 0 1 0 37 0 0 0 38 15CoHa.49
1204.080271 0.0003 0.0003 0 1 0 36 0 0 0 37 15CoHa.50
1206.119411 0.0003 0.0003 0 1 0 35 0 0 0 36 15CoHa.51
1208.148348 0.0003 0.0003 0 1 0 34 0 0 0 35 15CoHa.52
1210.165911 0.0003 0.0003 0 1 0 33 0 0 0 34 15CoHa.53
1212.172949 0.0003 0.0003 0 1 0 32 0 0 0 33 15CoHa.54
1214.169706 0.0003 0.0003 0 1 0 31 0 0 0 32 15CoHa.55
1216.154896 0.0003 0.0003 0 1 0 30 0 0 0 31 15CoHa.56
1218.129439 0.0003 0.0003 0 1 0 29 0 0 0 30 15CoHa.57
1220.093209 0.0003 0.0003 0 1 0 28 0 0 0 29 15CoHa.58
1222.046113 0.0003 0.0003 0 1 0 27 0 0 0 28 15CoHa.59
1223.988162 0.0003 0.0003 0 1 0 26 0 0 0 27 15CoHa.60
1225.918721 0.0003 0.0003 0 1 0 25 0 0 0 26 15CoHa.61
1227.838583 0.0003 0.0003 0 1 0 24 0 0 0 25 15CoHa.62
1229.747432 0.0003 0.0003 0 1 0 23 0 0 0 24 15CoHa.63
1231.645166 0.0003 0.0003 0 1 0 22 0 0 0 23 15CoHa.64
1233.531777 0.0003 0.0003 0 1 0 21 0 0 0 22 15CoHa.65
1235.410171 0.0003 0.0003 0 1 0 20 0 0 0 21 15CoHa.66
1237.271474 0.0003 0.0003 0 1 0 19 0 0 0 20 15CoHa.67
1239.124779 0.0003 0.0003 0 1 0 18 0 0 0 19 15CoHa.68
1240.966250 0.0003 0.0003 0 1 0 17 0 0 0 18 15CoHa.69
1242.796667 0.0003 0.0003 0 1 0 16 0 0 0 17 15CoHa.70
1244.616424 0.0003 0.0003 0 1 0 15 0 0 0 16 15CoHa.71
1246.424067 0.0003 0.0003 0 1 0 14 0 0 0 15 15CoHa.72
1248.220785 0.0003 0.0003 0 1 0 13 0 0 0 14 15CoHa.73
1255.292814 0.0003 0.0003 0 1 0 9 0 0 0 10 15CoHa.74
1257.032291 0.0003 0.0003 0 1 0 8 0 0 0 9 15CoHa.75
1258.759888 0.0003 0.0003 0 1 0 7 0 0 0 8 15CoHa.76
1260.476321 0.0003 0.0003 0 1 0 6 0 0 0 7 15CoHa.77
1262.180748 0.0003 0.0003 0 1 0 5 0 0 0 6 15CoHa.78
1263.873286 0.0003 0.0003 0 1 0 4 0 0 0 5 15CoHa.79
1265.556631 0.0003 0.0003 0 1 0 3 0 0 0 4 15CoHa.80
1267.223849 0.0003 0.0003 0 1 0 2 0 0 0 3 15CoHa.81
1268.882286 0.0003 0.0003 0 1 0 1 0 0 0 2 15CoHa.82
1275.391760 0.0003 0.0003 0 1 0 2 0 0 0 1 15CoHa.83
1276.995263 0.0003 0.0003 0 1 0 3 0 0 0 2 15CoHa.84
1278.580271 0.0003 0.0003 0 1 0 4 0 0 0 3 15CoHa.85
1280.154752 0.0003 0.0003 0 1 0 5 0 0 0 4 15CoHa.86
1281.717068 0.0003 0.0003 0 1 0 6 0 0 0 5 15CoHa.87
1283.267829 0.0003 0.0003 0 1 0 7 0 0 0 6 15CoHa.88
1284.806401 0.0003 0.0003 0 1 0 8 0 0 0 7 15CoHa.89
1286.335021 0.0003 0.0003 0 1 0 9 0 0 0 8 15CoHa.90
1295.235608 0.0003 0.0003 0 1 0 15 0 0 0 14 15CoHa.91
1296.676283 0.0003 0.0003 0 1 0 16 0 0 0 15 15CoHa.92
1298.105336 0.0003 0.0003 0 1 0 17 0 0 0 16 15CoHa.93
1299.520666 0.0003 0.0003 0 1 0 18 0 0 0 17 15CoHa.94
1300.924775 0.0003 0.0003 0 1 0 19 0 0 0 18 15CoHa.95
1302.315825 0.0003 0.0003 0 1 0 20 0 0 0 19 15CoHa.96
1303.694439 0.0003 0.0003 0 1 0 21 0 0 0 20 15CoHa.97
1305.060711 0.0003 0.0003 0 1 0 22 0 0 0 21 15CoHa.98
1306.414419 0.0003 0.0003 0 1 0 23 0 0 0 22 15CoHa.99
1307.755543 0.0003 0.0003 0 1 0 24 0 0 0 23 15CoHa.100
1309.084121 0.0003 0.0003 0 1 0 25 0 0 0 24 15CoHa.101
1310.399670 0.0003 0.0003 0 1 0 26 0 0 0 25 15CoHa.102
1311.702695 0.0003 0.0003 0 1 0 27 0 0 0 26 15CoHa.103
1312.993186 0.0003 0.0003 0 1 0 28 0 0 0 27 15CoHa.104
1314.270547 0.0003 0.0003 0 1 0 29 0 0 0 28 15CoHa.105
1315.535658 0.0003 0.0003 0 1 0 30 0 0 0 29 15CoHa.106
1316.787692 0.0003 0.0003 0 1 0 31 0 0 0 30 15CoHa.107
1318.026808 0.0003 0.0003 0 1 0 32 0 0 0 31 15CoHa.108
1319.253275 0.0003 0.0003 0 1 0 33 0 0 0 32 15CoHa.109
1320.466349 0.0003 0.0003 0 1 0 34 0 0 0 33 15CoHa.110
1321.666145 0.0003 0.0003 0 1 0 35 0 0 0 34 15CoHa.111
1322.854815 0.0003 0.0003 0 1 0 36 0 0 0 35 15CoHa.112
1324.028456 0.0003 0.0003 0 1 0 37 0 0 0 36 15CoHa.113
1325.190255 0.0003 0.0003 0 1 0 38 0 0 0 37 15CoHa.114
1326.338424 0.0003 0.0003 0 1 0 39 0 0 0 38 15CoHa.115
1327.473488 0.0003 0.0003 0 1 0 40 0 0 0 39 15CoHa.116
1328.595724 0.0003 0.0003 0 1 0 41 0 0 0 40 15CoHa.117
1329.704392 0.0003 0.0003 0 1 0 42 0 0 0 41 15CoHa.118
1330.800102 0.0003 0.0003 0 1 0 43 0 0 0 42 15CoHa.119
1331.882489 0.0003 0.0003 0 1 0 44 0 0 0 43 15CoHa.120
1332.951476 0.0003 0.0003 0 1 0 45 0 0 0 44 15CoHa.121
1334.007660 0.0003 0.0003 0 1 0 46 0 0 0 45 15CoHa.122
1335.049655 0.0003 0.0003 0 1 0 47 0 0 0 46 15CoHa.123
1336.078821 0.0003 0.0003 0 1 0 48 0 0 0 47 15CoHa.124
1337.094261 0.0003 0.0003 0 1 0 49 0 0 0 48 15CoHa.125
1338.096412 0.0003 0.0003 0 1 0 50 0 0 0 49 15CoHa.126
1339.084733 0.0003 0.0003 0 1 0 51 0 0 0 50 15CoHa.127
1340.060129 0.0003 0.0003 0 1 0 52 0 0 0 51 15CoHa.128
1341.021893 0.0003 0.0003 0 1 0 53 0 0 0 52 15CoHa.129
1341.969713 0.0003 0.0003 0 1 0 54 0 0 0 53 15CoHa.130
1342.904511 0.0003 0.0003 0 1 0 55 0 0 0 54 15CoHa.131
1343.824728 0.0003 0.0003 0 1 0 56 0 0 0 55 15CoHa.132
1344.731723 0.0003 0.0003 0 1 0 57 0 0 0 56 15CoHa.133
1345.625221 0.0003 0.0003 0 1 0 58 0 0 0 57 15CoHa.134
1346.504691 0.0003 0.0003 0 1 0 59 0 0 0 58 15CoHa.135
1347.370602 0.0003 0.0003 0 1 0 60 0 0 0 59 15CoHa.136
1348.222450 0.0003 0.0003 0 1 0 61 0 0 0 60 15CoHa.137
1349.060701 0.0003 0.0003 0 1 0 62 0 0 0 61 15CoHa.138
1349.884534 0.0003 0.0003 0 1 0 63 0 0 0 62 15CoHa.139
1350.694718 0.0003 0.0003 0 1 0 64 0 0 0 63 15CoHa.140
1351.491011 0.0003 0.0003 0 1 0 65 0 0 0 64 15CoHa.141
1352.272576 0.0003 0.0003 0 1 0 66 0 0 0 65 15CoHa.142
1353.041363 0.0003 0.0003 0 1 0 67 0 0 0 66 15CoHa.143
1353.795661 0.0003 0.0003 0 1 0 68 0 0 0 67 15CoHa.144
1354.535772 0.0003 0.0003 0 1 0 69 0 0 0 68 15CoHa.145
1355.261562 0.0003 0.0003 0 1 0 70 0 0 0 69 15CoHa.146
1355.973513 0.0003 0.0003 0 1 0 71 0 0 0 70 15CoHa.147
1356.670524 0.0003 0.0003 0 1 0 72 0 0 0 71 15CoHa.148
1357.353984 0.0003 0.0003 0 1 0 73 0 0 0 72 15CoHa.149
1358.677671 0.0003 0.0003 0 1 0 75 0 0 0 74 15CoHa.150
1359.317975 0.0003 0.0003 0 1 0 76 0 0 0 75 15CoHa.151
1359.944425 0.0003 0.0003 0 1 0 77 0 0 0 76 15CoHa.152
1360.555563 0.0003 0.0003 0 1 0 78 0 0 0 77 15CoHa.153
1361.735986 0.0003 0.0003 0 1 0 80 0 0 0 79 15CoHa.154
1362.303707 0.0003 0.0003 0 1 0 81 0 0 0 80 15CoHa.155
1363.920231 0.0003 0.0003 0 1 0 84 0 0 0 83 15CoHa.156
1364.927338 0.0003 0.0003 0 1 0 86 0 0 0 85 15CoHa.157
1365.404432 0.0003 0.0003 0 1 0 87 0 0 0 86 15CoHa.158
1365.870344 0.0003 0.0003 0 1 0 88 0 0 0 87 15CoHa.159
1366.322305 0.0003 0.0003 0 1 0 89 0 0 0 88 15CoHa.160
1366.759365 0.0003 0.0003 0 1 0 90 0 0 0 89 15CoHa.161
1367.176318 0.0003 0.0003 0 1 0 91 0 0 0 90 15CoHa.162
1367.583451 0.0003 0.0003 0 1 0 92 0 0 0 91 15CoHa.163
1367.973270 0.0003 0.0003 0 1 0 93 0 0 0 92 15CoHa.164
1368.350315 0.0003 0.0003 0 1 0 94 0 0 0 93 15CoHa.165
1369.056643 0.0003 0.0003 0 1 0 96 0 0 0 95 15CoHa.166
1040.852470 0.0003 0.0003 0 2 0 100 0 1 0 101 15CoHa.167
1043.504011 0.0003 0.0003 0 2 0 99 0 1 0 100 15CoHa.168
1046.146045 0.0003 0.0003 0 2 0 98 0 1 0 99 15CoHa.169
1056.630054 0.0003 0.0003 0 2 0 94 0 1 0 95 15CoHa.170
1061.819746 0.0003 0.0003 0 2 0 92 0 1 0 93 15CoHa.171
1074.632325 0.0003 0.0003 0 2 0 87 0 1 0 88 15CoHa.172
1077.165503 0.0003 0.0003 0 2 0 86 0 1 0 87 15CoHa.173
1079.691496 0.0003 0.0003 0 2 0 85 0 1 0 86 15CoHa.174
1082.206333 0.0003 0.0003 0 2 0 84 0 1 0 85 15CoHa.175
1084.715388 0.0003 0.0003 0 2 0 83 0 1 0 84 15CoHa.176
1087.212636 0.0003 0.0003 0 2 0 82 0 1 0 83 15CoHa.177
1089.700075 0.0003 0.0003 0 2 0 81 0 1 0 82 15CoHa.178
1092.178287 0.0003 0.0003 0 2 0 80 0 1 0 81 15CoHa.179
1094.647715 0.0003 0.0003 0 2 0 79 0 1 0 80 15CoHa.180
1097.108622 0.0003 0.0003 0 2 0 78 0 1 0 79 15CoHa.181
1099.560354 0.0003 0.0003 0 2 0 77 0 1 0 78 15CoHa.182
1101.997841 0.0003 0.0003 0 2 0 76 0 1 0 77 15CoHa.183
1104.431685 0.0003 0.0003 0 2 0 75 0 1 0 76 15CoHa.184
1106.853430 0.0003 0.0003 0 2 0 74 0 1 0 75 15CoHa.185
1109.266112 0.0003 0.0003 0 2 0 73 0 1 0 74 15CoHa.186
1111.669942 0.0003 0.0003 0 2 0 72 0 1 0 73 15CoHa.187
1114.064908 0.0003 0.0003 0 2 0 71 0 1 0 72 15CoHa.188
1116.447059 0.0003 0.0003 0 2 0 70 0 1 0 71 15CoHa.189
1118.819640 0.0003 0.0003 0 2 0 69 0 1 0 70 15CoHa.190
1121.184978 0.0003 0.0003 0 2 0 68 0 1 0 69 15CoHa.191
1123.539473 0.0003 0.0003 0 2 0 67 0 1 0 68 15CoHa.192
1125.883686 0.0003 0.0003 0 2 0 66 0 1 0 67 15CoHa.193
1128.219984 0.0003 0.0003 0 2 0 65 0 1 0 66 15CoHa.194
1130.544330 0.0003 0.0003 0 2 0 64 0 1 0 65 15CoHa.195
1132.859691 0.0003 0.0003 0 2 0 63 0 1 0 64 15CoHa.196
1135.165248 0.0003 0.0003 0 2 0 62 0 1 0 63 15CoHa.197
1137.461242 0.0003 0.0003 0 2 0 61 0 1 0 62 15CoHa.198
1139.746870 0.0003 0.0003 0 2 0 60 0 1 0 61 15CoHa.199
1142.022393 0.0003 0.0003 0 2 0 59 0 1 0 60 15CoHa.200
1144.288041 0.0003 0.0003 0 2 0 58 0 1 0 59 15CoHa.201
1146.543892 0.0003 0.0003 0 2 0 57 0 1 0 58 15CoHa.202
1148.789537 0.0003 0.0003 0 2 0 56 0 1 0 57 15CoHa.203
1151.025070 0.0003 0.0003 0 2 0 55 0 1 0 56 15CoHa.204
1153.250329 0.0003 0.0003 0 2 0 54 0 1 0 55 15CoHa.205
1155.465161 0.0003 0.0003 0 2 0 53 0 1 0 54 15CoHa.206
1157.670601 0.0003 0.0003 0 2 0 52 0 1 0 53 15CoHa.207
1159.865745 0.0003 0.0003 0 2 0 51 0 1 0 52 15CoHa.208
1162.050330 0.0003 0.0003 0 2 0 50 0 1 0 51 15CoHa.209
1164.224664 0.0003 0.0003 0 2 0 49 0 1 0 50 15CoHa.210
1166.388768 0.0003 0.0003 0 2 0 48 0 1 0 49 15CoHa.211
1168.544387 0.0003 0.0003 0 2 0 47 0 1 0 48 15CoHa.212
1170.686366 0.0003 0.0003 0 2 0 46 0 1 0 47 15CoHa.213
1172.819479 0.0003 0.0003 0 2 0 45 0 1 0 46 15CoHa.214
1174.941990 0.0003 0.0003 0 2 0 44 0 1 0 45 15CoHa.215
1177.053659 0.0003 0.0003 0 2 0 43 0 1 0 44 15CoHa.216
1179.155820 0.0003 0.0003 0 2 0 42 0 1 0 43 15CoHa.217
1181.247421 0.0003 0.0003 0 2 0 41 0 1 0 42 15CoHa.218
1183.328317 0.0003 0.0003 0 2 0 40 0 1 0 41 15CoHa.219
1185.398614 0.0003 0.0003 0 2 0 39 0 1 0 40 15CoHa.220
1187.457622 0.0003 0.0003 0 2 0 38 0 1 0 39 15CoHa.221
1191.545025 0.0003 0.0003 0 2 0 36 0 1 0 37 15CoHa.222
1193.572825 0.0003 0.0003 0 2 0 35 0 1 0 36 15CoHa.223
1195.589570 0.0003 0.0003 0 2 0 34 0 1 0 35 15CoHa.224
1197.595918 0.0003 0.0003 0 2 0 33 0 1 0 34 15CoHa.225
1199.591274 0.0003 0.0003 0 2 0 32 0 1 0 33 15CoHa.226
1201.575784 0.0003 0.0003 0 2 0 31 0 1 0 32 15CoHa.227
1203.549825 0.0003 0.0003 0 2 0 30 0 1 0 31 15CoHa.228
1205.512547 0.0003 0.0003 0 2 0 29 0 1 0 30 15CoHa.229
1207.464504 0.0003 0.0003 0 2 0 28 0 1 0 29 15CoHa.230
1209.405649 0.0003 0.0003 0 2 0 27 0 1 0 28 15CoHa.231
1211.335731 0.0003 0.0003 0 2 0 26 0 1 0 27 15CoHa.232
1213.254793 0.0003 0.0003 0 2 0 25 0 1 0 26 15CoHa.233
1215.163219 0.0003 0.0003 0 2 0 24 0 1 0 25 15CoHa.234
1217.059928 0.0003 0.0003 0 2 0 23 0 1 0 24 15CoHa.235
1218.945970 0.0003 0.0003 0 2 0 22 0 1 0 23 15CoHa.236
1220.820952 0.0003 0.0003 0 2 0 21 0 1 0 22 15CoHa.237
1222.684638 0.0003 0.0003 0 2 0 20 0 1 0 21 15CoHa.238
1224.537054 0.0003 0.0003 0 2 0 19 0 1 0 20 15CoHa.239
1226.378470 0.0003 0.0003 0 2 0 18 0 1 0 19 15CoHa.240
1228.208593 0.0003 0.0003 0 2 0 17 0 1 0 18 15CoHa.241
1230.027277 0.0003 0.0003 0 2 0 16 0 1 0 17 15CoHa.242
1231.834804 0.0003 0.0003 0 2 0 15 0 1 0 16 15CoHa.243
1233.631167 0.0003 0.0003 0 2 0 14 0 1 0 15 15CoHa.244
1240.701484 0.0003 0.0003 0 2 0 10 0 1 0 11 15CoHa.245
1245.884430 0.0003 0.0003 0 2 0 7 0 1 0 8 15CoHa.246
1247.588082 0.0003 0.0003 0 2 0 6 0 1 0 7 15CoHa.247
1249.281139 0.0003 0.0003 0 2 0 5 0 1 0 6 15CoHa.248
1250.962713 0.0003 0.0003 0 2 0 4 0 1 0 5 15CoHa.249
1252.631335 0.0003 0.0003 0 2 0 3 0 1 0 4 15CoHa.250
1254.289132 0.0003 0.0003 0 2 0 2 0 1 0 3 15CoHa.251
1255.935585 0.0003 0.0003 0 2 0 1 0 1 0 2 15CoHa.252
1257.570001 0.0003 0.0003 0 2 0 0 0 1 0 1 15CoHa.253
1262.401087 0.0003 0.0003 0 2 0 2 0 1 0 1 15CoHa.254
1263.987280 0.0003 0.0003 0 2 0 3 0 1 0 2 15CoHa.255
1265.562468 0.0003 0.0003 0 2 0 4 0 1 0 3 15CoHa.256
1267.124831 0.0003 0.0003 0 2 0 5 0 1 0 4 15CoHa.257
1268.675407 0.0003 0.0003 0 2 0 6 0 1 0 5 15CoHa.258
1270.214099 0.0003 0.0003 0 2 0 7 0 1 0 6 15CoHa.259
1271.740947 0.0003 0.0003 0 2 0 8 0 1 0 7 15CoHa.260
1274.757540 0.0003 0.0003 0 2 0 10 0 1 0 9 15CoHa.261
1280.645605 0.0003 0.0003 0 2 0 14 0 1 0 13 15CoHa.262
1282.087724 0.0003 0.0003 0 2 0 15 0 1 0 14 15CoHa.263
1283.515858 0.0003 0.0003 0 2 0 16 0 1 0 15 15CoHa.264
1284.932114 0.0003 0.0003 0 2 0 17 0 1 0 16 15CoHa.265
1286.335012 0.0003 0.0003 0 2 0 18 0 1 0 17 15CoHa.266
1287.728181 0.0003 0.0003 0 2 0 19 0 1 0 18 15CoHa.267
1289.107564 0.0003 0.0003 0 2 0 20 0 1 0 19 15CoHa.268
1290.474286 0.0003 0.0003 0 2 0 21 0 1 0 20 15CoHa.269
1291.828574 0.0003 0.0003 0 2 0 22 0 1 0 21 15CoHa.270
1293.170097 0.0003 0.0003 0 2 0 23 0 1 0 22 15CoHa.271
1294.499444 0.0003 0.0003 0 2 0 24 0 1 0 23 15CoHa.272
1295.815902 0.0003 0.0003 0 2 0 25 0 1 0 24 15CoHa.273
1297.119689 0.0003 0.0003 0 2 0 26 0 1 0 25 15CoHa.274
1299.688753 0.0003 0.0003 0 2 0 28 0 1 0 27 15CoHa.275
1300.954795 0.0003 0.0003 0 2 0 29 0 1 0 28 15CoHa.276
1302.207547 0.0003 0.0003 0 2 0 30 0 1 0 29 15CoHa.277
1303.447815 0.0003 0.0003 0 2 0 31 0 1 0 30 15CoHa.278
1304.675200 0.0003 0.0003 0 2 0 32 0 1 0 31 15CoHa.279
1305.889271 0.0003 0.0003 0 2 0 33 0 1 0 32 15CoHa.280
1307.090477 0.0003 0.0003 0 2 0 34 0 1 0 33 15CoHa.281
1308.278943 0.0003 0.0003 0 2 0 35 0 1 0 34 15CoHa.282
1309.454316 0.0003 0.0003 0 2 0 36 0 1 0 35 15CoHa.283
1310.616951 0.0003 0.0003 0 2 0 37 0 1 0 36 15CoHa.284
1311.767027 0.0003 0.0003 0 2 0 38 0 1 0 37 15CoHa.285
1312.900488 0.0003 0.0003 0 2 0 39 0 1 0 38 15CoHa.286
1314.025520 0.0003 0.0003 0 2 0 40 0 1 0 39 15CoHa.287
1315.135406 0.0003 0.0003 0 2 0 41 0 1 0 40 15CoHa.288
1316.232179 0.0003 0.0003 0 2 0 42 0 1 0 41 15CoHa.289
1317.315791 0.0003 0.0003 0 2 0 43 0 1 0 42 15CoHa.290
1318.386128 0.0003 0.0003 0 2 0 44 0 1 0 43 15CoHa.291
1319.442769 0.0003 0.0003 0 2 0 45 0 1 0 44 15CoHa.292
1320.486801 0.0003 0.0003 0 2 0 46 0 1 0 45 15CoHa.293
1321.517315 0.0003 0.0003 0 2 0 47 0 1 0 46 15CoHa.294
1322.533514 0.0003 0.0003 0 2 0 48 0 1 0 47 15CoHa.295
1323.537329 0.0003 0.0003 0 2 0 49 0 1 0 48 15CoHa.296
1324.527304 0.0003 0.0003 0 2 0 50 0 1 0 49 15CoHa.297
1325.505267 0.0003 0.0003 0 2 0 51 0 1 0 50 15CoHa.298
1326.466758 0.0003 0.0003 0 2 0 52 0 1 0 51 15CoHa.299
1327.416559 0.0003 0.0003 0 2 0 53 0 1 0 52 15CoHa.300
1328.349945 0.0003 0.0003 0 2 0 54 0 1 0 53 15CoHa.301
1329.274482 0.0003 0.0003 0 2 0 55 0 1 0 54 15CoHa.302
1330.182988 0.0003 0.0003 0 2 0 56 0 1 0 55 15CoHa.303
1331.077771 0.0003 0.0003 0 2 0 57 0 1 0 56 15CoHa.304
1331.958816 0.0003 0.0003 0 2 0 58 0 1 0 57 15CoHa.305
1332.826034 0.0003 0.0003 0 2 0 59 0 1 0 58 15CoHa.306
1333.679540 0.0003 0.0003 0 2 0 60 0 1 0 59 15CoHa.307
1334.519101 0.0003 0.0003 0 2 0 61 0 1 0 60 15CoHa.308
1335.345161 0.0003 0.0003 0 2 0 62 0 1 0 61 15CoHa.309
1336.156802 0.0003 0.0003 0 2 0 63 0 1 0 62 15CoHa.310
1336.955133 0.0003 0.0003 0 2 0 64 0 1 0 63 15CoHa.311
1337.739001 0.0003 0.0003 0 2 0 65 0 1 0 64 15CoHa.312
1339.264921 0.0003 0.0003 0 2 0 67 0 1 0 66 15CoHa.313
1340.006451 0.0003 0.0003 0 2 0 68 0 1 0 67 15CoHa.314
1340.734724 0.0003 0.0003 0 2 0 69 0 1 0 68 15CoHa.315
1341.448005 0.0003 0.0003 0 2 0 70 0 1 0 69 15CoHa.316
1342.147763 0.0003 0.0003 0 2 0 71 0 1 0 70 15CoHa.317
1342.832514 0.0003 0.0003 0 2 0 72 0 1 0 71 15CoHa.318
1343.502953 0.0003 0.0003 0 2 0 73 0 1 0 72 15CoHa.319
1344.159599 0.0003 0.0003 0 2 0 74 0 1 0 73 15CoHa.320
1344.802439 0.0003 0.0003 0 2 0 75 0 1 0 74 15CoHa.321
1345.430152 0.0003 0.0003 0 2 0 76 0 1 0 75 15CoHa.322
1346.044248 0.0003 0.0003 0 2 0 77 0 1 0 76 15CoHa.323
1346.642938 0.0003 0.0003 0 2 0 78 0 1 0 77 15CoHa.324
1347.226952 0.0003 0.0003 0 2 0 79 0 1 0 78 15CoHa.325
1347.798318 0.0003 0.0003 0 2 0 80 0 1 0 79 15CoHa.326
1348.352283 0.0003 0.0003 0 2 0 81 0 1 0 80 15CoHa.327
1348.894780 0.0003 0.0003 0 2 0 82 0 1 0 81 15CoHa.328
1349.931780 0.0003 0.0003 0 2 0 84 0 1 0 83 15CoHa.329
1350.429295 0.0003 0.0003 0 2 0 85 0 1 0 84 15CoHa.330
1350.911505 0.0003 0.0003 0 2 0 86 0 1 0 85 15CoHa.331
1351.379506 0.0003 0.0003 0 2 0 87 0 1 0 86 15CoHa.332
1351.831989 0.0003 0.0003 0 2 0 88 0 1 0 87 15CoHa.333
1352.694797 0.0003 0.0003 0 2 0 90 0 1 0 89 15CoHa.334
1353.100756 0.0003 0.0003 0 2 0 91 0 1 0 90 15CoHa.335
1353.494512 0.0003 0.0003 0 2 0 92 0 1 0 91 15CoHa.336
1353.873285 0.0003 0.0003 0 2 0 93 0 1 0 92 15CoHa.337
1354.236695 0.0003 0.0003 0 2 0 94 0 1 0 93 15CoHa.338
1354.586487 0.0003 0.0003 0 2 0 95 0 1 0 94 15CoHa.339
1355.235624 0.0003 0.0003 0 2 0 97 0 1 0 96 15CoHa.340
1355.537824 0.0003 0.0003 0 2 0 98 0 1 0 97 15CoHa.341
1036.970870 0.0003 0.0003 0 3 0 97 0 2 0 98 15CoHa.342
1039.588652 0.0003 0.0003 0 3 0 96 0 2 0 97 15CoHa.343
1042.190861 0.0003 0.0003 0 3 0 95 0 2 0 96 15CoHa.344
1052.522062 0.0003 0.0003 0 3 0 91 0 2 0 92 15CoHa.345
1055.082204 0.0003 0.0003 0 3 0 90 0 2 0 91 15CoHa.346
1057.634914 0.0003 0.0003 0 3 0 89 0 2 0 90 15CoHa.347
1060.177309 0.0003 0.0003 0 3 0 88 0 2 0 89 15CoHa.348
1082.635598 0.0003 0.0003 0 3 0 79 0 2 0 80 15CoHa.349
1085.082028 0.0003 0.0003 0 3 0 78 0 2 0 79 15CoHa.350
1087.522511 0.0003 0.0003 0 3 0 77 0 2 0 78 15CoHa.351
1089.951637 0.0003 0.0003 0 3 0 76 0 2 0 77 15CoHa.352
1092.374129 0.0003 0.0003 0 3 0 75 0 2 0 76 15CoHa.353
1094.781896 0.0003 0.0003 0 3 0 74 0 2 0 75 15CoHa.354
1097.183942 0.0003 0.0003 0 3 0 73 0 2 0 74 15CoHa.355
1099.573591 0.0003 0.0003 0 3 0 72 0 2 0 73 15CoHa.356
1101.956523 0.0003 0.0003 0 3 0 71 0 2 0 72 15CoHa.357
1104.330274 0.0003 0.0003 0 3 0 70 0 2 0 71 15CoHa.358
1106.689377 0.0003 0.0003 0 3 0 69 0 2 0 70 15CoHa.359
1109.045356 0.0003 0.0003 0 3 0 68 0 2 0 69 15CoHa.360
1111.387247 0.0003 0.0003 0 3 0 67 0 2 0 68 15CoHa.361
1113.720766 0.0003 0.0003 0 3 0 66 0 2 0 67 15CoHa.362
1116.044463 0.0003 0.0003 0 3 0 65 0 2 0 66 15CoHa.363
1118.358048 0.0003 0.0003 0 3 0 64 0 2 0 65 15CoHa.364
1120.661933 0.0003 0.0003 0 3 0 63 0 2 0 64 15CoHa.365
1122.955601 0.0003 0.0003 0 3 0 62 0 2 0 63 15CoHa.366
1125.240213 0.0003 0.0003 0 3 0 61 0 2 0 62 15CoHa.367
1127.514042 0.0003 0.0003 0 3 0 60 0 2 0 61 15CoHa.368
1129.777999 0.0003 0.0003 0 3 0 59 0 2 0 60 15CoHa.369
1132.031835 0.0003 0.0003 0 3 0 58 0 2 0 59 15CoHa.370
1134.275512 0.0003 0.0003 0 3 0 57 0 2 0 58 15CoHa.371
1138.734010 0.0003 0.0003 0 3 0 55 0 2 0 56 15CoHa.372
1140.947940 0.0003 0.0003 0 3 0 54 0 2 0 55 15CoHa.373
1143.151848 0.0003 0.0003 0 3 0 53 0 2 0 54 15CoHa.374
1145.344323 0.0003 0.0003 0 3 0 52 0 2 0 53 15CoHa.375
1147.528532 0.0003 0.0003 0 3 0 51 0 2 0 52 15CoHa.376
1149.703415 0.0003 0.0003 0 3 0 50 0 2 0 51 15CoHa.377
1151.864240 0.0003 0.0003 0 3 0 49 0 2 0 50 15CoHa.378
1154.016910 0.0003 0.0003 0 3 0 48 0 2 0 49 15CoHa.379
1156.158861 0.0003 0.0003 0 3 0 47 0 2 0 48 15CoHa.380
1158.290774 0.0003 0.0003 0 3 0 46 0 2 0 47 15CoHa.381
1160.411992 0.0003 0.0003 0 3 0 45 0 2 0 46 15CoHa.382
1162.523469 0.0003 0.0003 0 3 0 44 0 2 0 45 15CoHa.383
1164.623712 0.0003 0.0003 0 3 0 43 0 2 0 44 15CoHa.384
1166.714124 0.0003 0.0003 0 3 0 42 0 2 0 43 15CoHa.385
1168.793505 0.0003 0.0003 0 3 0 41 0 2 0 42 15CoHa.386
1170.862778 0.0003 0.0003 0 3 0 40 0 2 0 41 15CoHa.387
1172.921265 0.0003 0.0003 0 3 0 39 0 2 0 40 15CoHa.388
1174.968970 0.0003 0.0003 0 3 0 38 0 2 0 39 15CoHa.389
1177.006593 0.0003 0.0003 0 3 0 37 0 2 0 38 15CoHa.390
1179.033369 0.0003 0.0003 0 3 0 36 0 2 0 37 15CoHa.391
1181.048623 0.0003 0.0003 0 3 0 35 0 2 0 36 15CoHa.392
1183.054353 0.0003 0.0003 0 3 0 34 0 2 0 35 15CoHa.393
1185.048864 0.0003 0.0003 0 3 0 33 0 2 0 34 15CoHa.394
1189.005377 0.0003 0.0003 0 3 0 31 0 2 0 32 15CoHa.395
1190.967529 0.0003 0.0003 0 3 0 30 0 2 0 31 15CoHa.396
1192.918820 0.0003 0.0003 0 3 0 29 0 2 0 30 15CoHa.397
1194.858787 0.0003 0.0003 0 3 0 28 0 2 0 29 15CoHa.398
1196.788302 0.0003 0.0003 0 3 0 27 0 2 0 28 15CoHa.399
1198.706772 0.0003 0.0003 0 3 0 26 0 2 0 27 15CoHa.400
1200.613120 0.0003 0.0003 0 3 0 25 0 2 0 26 15CoHa.401
1202.510274 0.0003 0.0003 0 3 0 24 0 2 0 25 15CoHa.402
1204.396182 0.0003 0.0003 0 3 0 23 0 2 0 24 15CoHa.403
1206.269418 0.0003 0.0003 0 3 0 22 0 2 0 23 15CoHa.404
1209.984960 0.0003 0.0003 0 3 0 20 0 2 0 21 15CoHa.405
1211.826115 0.0003 0.0003 0 3 0 19 0 2 0 20 15CoHa.406
1213.655266 0.0003 0.0003 0 3 0 18 0 2 0 19 15CoHa.407
1215.473459 0.0003 0.0003 0 3 0 17 0 2 0 18 15CoHa.408
1217.280649 0.0003 0.0003 0 3 0 16 0 2 0 17 15CoHa.409
1219.076312 0.0003 0.0003 0 3 0 15 0 2 0 16 15CoHa.410
1220.859767 0.0003 0.0003 0 3 0 14 0 2 0 15 15CoHa.411
1222.632619 0.0003 0.0003 0 3 0 13 0 2 0 14 15CoHa.412
1224.395122 0.0003 0.0003 0 3 0 12 0 2 0 13 15CoHa.413
1226.144885 0.0003 0.0003 0 3 0 11 0 2 0 12 15CoHa.414
1227.884875 0.0003 0.0003 0 3 0 10 0 2 0 11 15CoHa.415
1229.611199 0.0003 0.0003 0 3 0 9 0 2 0 10 15CoHa.416
1233.031177 0.0003 0.0003 0 3 0 7 0 2 0 8 15CoHa.417
1234.722235 0.0003 0.0003 0 3 0 6 0 2 0 7 15CoHa.418
1236.404263 0.0003 0.0003 0 3 0 5 0 2 0 6 15CoHa.419
1238.073796 0.0003 0.0003 0 3 0 4 0 2 0 5 15CoHa.420
1239.731256 0.0003 0.0003 0 3 0 3 0 2 0 4 15CoHa.421
1243.011167 0.0003 0.0003 0 3 0 1 0 2 0 2 15CoHa.422
1249.429099 0.0003 0.0003 0 3 0 2 0 2 0 1 15CoHa.423
1251.004202 0.0003 0.0003 0 3 0 3 0 2 0 2 15CoHa.424
1254.118099 0.0003 0.0003 0 3 0 5 0 2 0 4 15CoHa.425
1255.656954 0.0003 0.0003 0 3 0 6 0 2 0 5 15CoHa.426
1257.184698 0.0003 0.0003 0 3 0 7 0 2 0 6 15CoHa.427
1260.201674 0.0003 0.0003 0 3 0 9 0 2 0 8 15CoHa.428
1264.637504 0.0003 0.0003 0 3 0 12 0 2 0 11 15CoHa.429
1266.090349 0.0003 0.0003 0 3 0 13 0 2 0 12 15CoHa.430
1267.531968 0.0003 0.0003 0 3 0 14 0 2 0 13 15CoHa.431
1268.961030 0.0003 0.0003 0 3 0 15 0 2 0 14 15CoHa.432
1270.378545 0.0003 0.0003 0 3 0 16 0 2 0 15 15CoHa.433
1273.173793 0.0003 0.0003 0 3 0 18 0 2 0 17 15CoHa.434
1274.555051 0.0003 0.0003 0 3 0 19 0 2 0 18 15CoHa.435
1275.922025 0.0003 0.0003 0 3 0 20 0 2 0 19 15CoHa.436
1277.276872 0.0003 0.0003 0 3 0 21 0 2 0 20 15CoHa.437
1278.619244 0.0003 0.0003 0 3 0 22 0 2 0 21 15CoHa.438
1279.948622 0.0003 0.0003 0 3 0 23 0 2 0 22 15CoHa.439
1281.266224 0.0003 0.0003 0 3 0 24 0 2 0 23 15CoHa.440
1282.570745 0.0003 0.0003 0 3 0 25 0 2 0 24 15CoHa.441
1283.861721 0.0003 0.0003 0 3 0 26 0 2 0 25 15CoHa.442
1285.141341 0.0003 0.0003 0 3 0 27 0 2 0 26 15CoHa.443
1286.407073 0.0003 0.0003 0 3 0 28 0 2 0 27 15CoHa.444
1287.661903 0.0003 0.0003 0 3 0 29 0 2 0 28 15CoHa.445
1288.902907 0.0003 0.0003 0 3 0 30 0 2 0 29 15CoHa.446
1290.130361 0.0003 0.0003 0 3 0 31 0 2 0 30 15CoHa.447
1291.345755 0.0003 0.0003 0 3 0 32 0 2 0 31 15CoHa.448
1292.547986 0.0003 0.0003 0 3 0 33 0 2 0 32 15CoHa.449
1293.737150 0.0003 0.0003 0 3 0 34 0 2 0 33 15CoHa.450
1294.913430 0.0003 0.0003 0 3 0 35 0 2 0 34 15CoHa.451
1296.076933 0.0003 0.0003 0 3 0 36 0 2 0 35 15CoHa.452
1297.227177 0.0003 0.0003 0 3 0 37 0 2 0 36 15CoHa.453
1298.364761 0.0003 0.0003 0 3 0 38 0 2 0 37 15CoHa.454
1299.488711 0.0003 0.0003 0 3 0 39 0 2 0 38 15CoHa.455
1300.599810 0.0003 0.0003 0 3 0 40 0 2 0 39 15CoHa.456
1302.782684 0.0003 0.0003 0 3 0 42 0 2 0 41 15CoHa.457
1303.853999 0.0003 0.0003 0 3 0 43 0 2 0 42 15CoHa.458
1304.911922 0.0003 0.0003 0 3 0 44 0 2 0 43 15CoHa.459
1305.956859 0.0003 0.0003 0 3 0 45 0 2 0 44 15CoHa.460
1306.988159 0.0003 0.0003 0 3 0 46 0 2 0 45 15CoHa.461
1308.006383 0.0003 0.0003 0 3 0 47 0 2 0 46 15CoHa.462
1309.011170 0.0003 0.0003 0 3 0 48 0 2 0 47 15CoHa.463
1310.002683 0.0003 0.0003 0 3 0 49 0 2 0 48 15CoHa.464
1310.980664 0.0003 0.0003 0 3 0 50 0 2 0 49 15CoHa.465
1311.944791 0.0003 0.0003 0 3 0 51 0 2 0 50 15CoHa.466
1313.833053 0.0003 0.0003 0 3 0 53 0 2 0 52 15CoHa.467
1315.666469 0.0003 0.0003 0 3 0 55 0 2 0 54 15CoHa.468
1316.563032 0.0003 0.0003 0 3 0 56 0 2 0 55 15CoHa.469
1317.445505 0.0003 0.0003 0 3 0 57 0 2 0 56 15CoHa.470
1318.313023 0.0003 0.0003 0 3 0 58 0 2 0 57 15CoHa.471
1319.169152 0.0003 0.0003 0 3 0 59 0 2 0 58 15CoHa.472
1320.837847 0.0003 0.0003 0 3 0 61 0 2 0 60 15CoHa.473
1322.451529 0.0003 0.0003 0 3 0 63 0 2 0 62 15CoHa.474
1323.236834 0.0003 0.0003 0 3 0 64 0 2 0 63 15CoHa.475
1324.008818 0.0003 0.0003 0 3 0 65 0 2 0 64 15CoHa.476
1324.766178 0.0003 0.0003 0 3 0 66 0 2 0 65 15CoHa.477
1326.239049 0.0003 0.0003 0 3 0 68 0 2 0 67 15CoHa.478
1326.954398 0.0003 0.0003 0 3 0 69 0 2 0 68 15CoHa.479
1327.656472 0.0003 0.0003 0 3 0 70 0 2 0 69 15CoHa.480
1329.015826 0.0003 0.0003 0 3 0 72 0 2 0 71 15CoHa.481
1329.674625 0.0003 0.0003 0 3 0 73 0 2 0 72 15CoHa.482
1330.318479 0.0003 0.0003 0 3 0 74 0 2 0 73 15CoHa.483
1330.949001 0.0003 0.0003 0 3 0 75 0 2 0 74 15CoHa.484
1331.563339 0.0003 0.0003 0 3 0 76 0 2 0 75 15CoHa.485
1332.752685 0.0003 0.0003 0 3 0 78 0 2 0 77 15CoHa.486
1333.325402 0.0003 0.0003 0 3 0 79 0 2 0 78 15CoHa.487
1333.881336 0.0003 0.0003 0 3 0 80 0 2 0 79 15CoHa.488
1334.424226 0.0003 0.0003 0 3 0 81 0 2 0 80 15CoHa.489
1339.791141 0.0003 0.0003 0 3 0 93 0 2 0 92 15CoHa.490
1340.797719 0.0003 0.0003 0 3 0 96 0 2 0 95 15CoHa.491
1341.395037 0.0003 0.0003 0 3 0 98 0 2 0 97 15CoHa.492
1341.669793 0.0003 0.0003 0 3 0 99 0 2 0 98 15CoHa.493
1070.642482 0.0003 0.0003 0 4 0 79 0 3 0 80 15CoHa.494
1073.081247 0.0003 0.0003 0 4 0 78 0 3 0 79 15CoHa.495
1075.508463 0.0003 0.0003 0 4 0 77 0 3 0 78 15CoHa.496
1077.926665 0.0003 0.0003 0 4 0 76 0 3 0 77 15CoHa.497
1080.331686 0.0003 0.0003 0 4 0 75 0 3 0 76 15CoHa.498
1082.733488 0.0003 0.0003 0 4 0 74 0 3 0 75 15CoHa.499
1085.122546 0.0003 0.0003 0 4 0 73 0 3 0 74 15CoHa.500
1087.501862 0.0003 0.0003 0 4 0 72 0 3 0 73 15CoHa.501
1089.874145 0.0003 0.0003 0 4 0 71 0 3 0 72 15CoHa.502
1092.235506 0.0003 0.0003 0 4 0 70 0 3 0 71 15CoHa.503
1096.925031 0.0003 0.0003 0 4 0 68 0 3 0 69 15CoHa.504
1099.254834 0.0003 0.0003 0 4 0 67 0 3 0 68 15CoHa.505
1101.580591 0.0003 0.0003 0 4 0 66 0 3 0 67 15CoHa.506
1103.891373 0.0003 0.0003 0 4 0 65 0 3 0 66 15CoHa.507
1106.191712 0.0003 0.0003 0 4 0 64 0 3 0 65 15CoHa.508
1108.486627 0.0003 0.0003 0 4 0 63 0 3 0 64 15CoHa.509
1110.768537 0.0003 0.0003 0 4 0 62 0 3 0 63 15CoHa.510
1113.040819 0.0003 0.0003 0 4 0 61 0 3 0 62 15CoHa.511
1115.302450 0.0003 0.0003 0 4 0 60 0 3 0 61 15CoHa.512
1117.556204 0.0003 0.0003 0 4 0 59 0 3 0 60 15CoHa.513
1119.798646 0.0003 0.0003 0 4 0 58 0 3 0 59 15CoHa.514
1122.031538 0.0003 0.0003 0 4 0 57 0 3 0 58 15CoHa.515
1124.253139 0.0003 0.0003 0 4 0 56 0 3 0 57 15CoHa.516
1126.465443 0.0003 0.0003 0 4 0 55 0 3 0 56 15CoHa.517
1128.668670 0.0003 0.0003 0 4 0 54 0 3 0 55 15CoHa.518
1130.861868 0.0003 0.0003 0 4 0 53 0 3 0 54 15CoHa.519
1133.041927 0.0003 0.0003 0 4 0 52 0 3 0 53 15CoHa.520
1135.213894 0.0003 0.0003 0 4 0 51 0 3 0 52 15CoHa.521
1137.375537 0.0003 0.0003 0 4 0 50 0 3 0 51 15CoHa.522
1139.527276 0.0003 0.0003 0 4 0 49 0 3 0 50 15CoHa.523
1141.667655 0.0003 0.0003 0 4 0 48 0 3 0 49 15CoHa.524
1143.798158 0.0003 0.0003 0 4 0 47 0 3 0 48 15CoHa.525
1145.917539 0.0003 0.0003 0 4 0 46 0 3 0 47 15CoHa.526
1150.127681 0.0003 0.0003 0 4 0 44 0 3 0 45 15CoHa.527
1152.216280 0.0003 0.0003 0 4 0 43 0 3 0 44 15CoHa.528
1156.362512 0.0003 0.0003 0 4 0 41 0 3 0 42 15CoHa.529
1158.420132 0.0003 0.0003 0 4 0 40 0 3 0 41 15CoHa.530
1160.467084 0.0003 0.0003 0 4 0 39 0 3 0 40 15CoHa.531
1162.503198 0.0003 0.0003 0 4 0 38 0 3 0 39 15CoHa.532
1164.528526 0.0003 0.0003 0 4 0 37 0 3 0 38 15CoHa.533
1166.542109 0.0003 0.0003 0 4 0 36 0 3 0 37 15CoHa.534
1170.541629 0.0003 0.0003 0 4 0 34 0 3 0 35 15CoHa.535
1172.523957 0.0003 0.0003 0 4 0 33 0 3 0 34 15CoHa.536
1174.496040 0.0003 0.0003 0 4 0 32 0 3 0 33 15CoHa.537
1176.458062 0.0003 0.0003 0 4 0 31 0 3 0 32 15CoHa.538
1178.408119 0.0003 0.0003 0 4 0 30 0 3 0 31 15CoHa.539
1180.347231 0.0003 0.0003 0 4 0 29 0 3 0 30 15CoHa.540
1182.275841 0.0003 0.0003 0 4 0 28 0 3 0 29 15CoHa.541
1184.194117 0.0003 0.0003 0 4 0 27 0 3 0 28 15CoHa.542
1186.099836 0.0003 0.0003 0 4 0 26 0 3 0 27 15CoHa.543
1187.996418 0.0003 0.0003 0 4 0 25 0 3 0 26 15CoHa.544
1189.880220 0.0003 0.0003 0 4 0 24 0 3 0 25 15CoHa.545
1191.753911 0.0003 0.0003 0 4 0 23 0 3 0 24 15CoHa.546
1193.616490 0.0003 0.0003 0 4 0 22 0 3 0 23 15CoHa.547
1195.468028 0.0003 0.0003 0 4 0 21 0 3 0 22 15CoHa.548
1197.308511 0.0003 0.0003 0 4 0 20 0 3 0 21 15CoHa.549
1199.137104 0.0003 0.0003 0 4 0 19 0 3 0 20 15CoHa.550
1200.954576 0.0003 0.0003 0 4 0 18 0 3 0 19 15CoHa.551
1202.761123 0.0003 0.0003 0 4 0 17 0 3 0 18 15CoHa.552
1204.557518 0.0003 0.0003 0 4 0 16 0 3 0 17 15CoHa.553
1206.340167 0.0003 0.0003 0 4 0 15 0 3 0 16 15CoHa.554
1208.113548 0.0003 0.0003 0 4 0 14 0 3 0 15 15CoHa.555
1209.873661 0.0003 0.0003 0 4 0 13 0 3 0 14 15CoHa.556
1211.624105 0.0003 0.0003 0 4 0 12 0 3 0 13 15CoHa.557
1213.362229 0.0003 0.0003 0 4 0 11 0 3 0 12 15CoHa.558
1215.089006 0.0003 0.0003 0 4 0 10 0 3 0 11 15CoHa.559
1216.804550 0.0003 0.0003 0 4 0 9 0 3 0 10 15CoHa.560
1218.507555 0.0003 0.0003 0 4 0 8 0 3 0 9 15CoHa.561
1221.882680 0.0003 0.0003 0 4 0 6 0 3 0 7 15CoHa.562
1223.553070 0.0003 0.0003 0 4 0 5 0 3 0 6 15CoHa.563
1225.209620 0.0003 0.0003 0 4 0 4 0 3 0 5 15CoHa.564
1226.855184 0.0003 0.0003 0 4 0 3 0 3 0 4 15CoHa.565
1228.490213 0.0003 0.0003 0 4 0 2 0 3 0 3 15CoHa.566
1230.109636 0.0003 0.0003 0 4 0 1 0 3 0 2 15CoHa.567
1238.043654 0.0003 0.0003 0 4 0 3 0 3 0 2 15CoHa.568
1239.596890 0.0003 0.0003 0 4 0 4 0 3 0 3 15CoHa.569
1241.132581 0.0003 0.0003 0 4 0 5 0 3 0 4 15CoHa.570
1242.661801 0.0003 0.0003 0 4 0 6 0 3 0 5 15CoHa.571
1245.678871 0.0003 0.0003 0 4 0 8 0 3 0 7 15CoHa.572
1247.169530 0.0003 0.0003 0 4 0 9 0 3 0 8 15CoHa.573
1248.648516 0.0003 0.0003 0 4 0 10 0 3 0 9 15CoHa.574
1250.114660 0.0003 0.0003 0 4 0 11 0 3 0 10 15CoHa.575
1251.569800 0.0003 0.0003 0 4 0 12 0 3 0 11 15CoHa.576
1253.011575 0.0003 0.0003 0 4 0 13 0 3 0 12 15CoHa.577
1254.440241 0.0003 0.0003 0 4 0 14 0 3 0 13 15CoHa.578
1255.858218 0.0003 0.0003 0 4 0 15 0 3 0 14 15CoHa.579
1257.262386 0.0003 0.0003 0 4 0 16 0 3 0 15 15CoHa.580
1258.656486 0.0003 0.0003 0 4 0 17 0 3 0 16 15CoHa.581
1260.036494 0.0003 0.0003 0 4 0 18 0 3 0 17 15CoHa.582
1261.403868 0.0003 0.0003 0 4 0 19 0 3 0 18 15CoHa.583
1262.758926 0.0003 0.0003 0 4 0 20 0 3 0 19 15CoHa.584
1264.103178 0.0003 0.0003 0 4 0 21 0 3 0 20 15CoHa.585
1265.430877 0.0003 0.0003 0 4 0 22 0 3 0 21 15CoHa.586
1266.750885 0.0003 0.0003 0 4 0 23 0 3 0 22 15CoHa.587
1268.055376 0.0003 0.0003 0 4 0 24 0 3 0 23 15CoHa.588
1269.348263 0.0003 0.0003 0 4 0 25 0 3 0 24 15CoHa.589
1270.627878 0.0003 0.0003 0 4 0 26 0 3 0 25 15CoHa.590
1271.894896 0.0003 0.0003 0 4 0 27 0 3 0 26 15CoHa.591
1273.149486 0.0003 0.0003 0 4 0 28 0 3 0 27 15CoHa.592
1274.390930 0.0003 0.0003 0 4 0 29 0 3 0 28 15CoHa.593
1275.619743 0.0003 0.0003 0 4 0 30 0 3 0 29 15CoHa.594
1276.835960 0.0003 0.0003 0 4 0 31 0 3 0 30 15CoHa.595
1278.037691 0.0003 0.0003 0 4 0 32 0 3 0 31 15CoHa.596
1279.229111 0.0003 0.0003 0 4 0 33 0 3 0 32 15CoHa.597
1280.406428 0.0003 0.0003 0 4 0 34 0 3 0 33 15CoHa.598
1281.570442 0.0003 0.0003 0 4 0 35 0 3 0 34 15CoHa.599
1282.722108 0.0003 0.0003 0 4 0 36 0 3 0 35 15CoHa.600
1283.861720 0.0003 0.0003 0 4 0 37 0 3 0 36 15CoHa.601
1284.985177 0.0003 0.0003 0 4 0 38 0 3 0 37 15CoHa.602
1286.097563 0.0003 0.0003 0 4 0 39 0 3 0 38 15CoHa.603
1287.196174 0.0003 0.0003 0 4 0 40 0 3 0 39 15CoHa.604
1290.413209 0.0003 0.0003 0 4 0 43 0 3 0 42 15CoHa.605
1291.459313 0.0003 0.0003 0 4 0 44 0 3 0 43 15CoHa.606
1292.492635 0.0003 0.0003 0 4 0 45 0 3 0 44 15CoHa.607
1293.512685 0.0003 0.0003 0 4 0 46 0 3 0 45 15CoHa.608
1294.518995 0.0003 0.0003 0 4 0 47 0 3 0 46 15CoHa.609
1295.511316 0.0003 0.0003 0 4 0 48 0 3 0 47 15CoHa.610
1296.489292 0.0003 0.0003 0 4 0 49 0 3 0 48 15CoHa.611
1297.456281 0.0003 0.0003 0 4 0 50 0 3 0 49 15CoHa.612
1299.346616 0.0003 0.0003 0 4 0 52 0 3 0 51 15CoHa.613
1300.270889 0.0003 0.0003 0 4 0 53 0 3 0 52 15CoHa.614
1301.182637 0.0003 0.0003 0 4 0 54 0 3 0 53 15CoHa.615
1302.964731 0.0003 0.0003 0 4 0 56 0 3 0 55 15CoHa.616
1303.834894 0.0003 0.0003 0 4 0 57 0 3 0 56 15CoHa.617
1305.534647 0.0003 0.0003 0 4 0 59 0 3 0 58 15CoHa.618
1306.363699 0.0003 0.0003 0 4 0 60 0 3 0 59 15CoHa.619
1307.178579 0.0003 0.0003 0 4 0 61 0 3 0 60 15CoHa.620
1307.979799 0.0003 0.0003 0 4 0 62 0 3 0 61 15CoHa.621
1308.767455 0.0003 0.0003 0 4 0 63 0 3 0 62 15CoHa.622
1309.539416 0.0003 0.0003 0 4 0 64 0 3 0 63 15CoHa.623
1310.299884 0.0003 0.0003 0 4 0 65 0 3 0 64 15CoHa.624
1311.045336 0.0003 0.0003 0 4 0 66 0 3 0 65 15CoHa.625
1313.197289 0.0003 0.0003 0 4 0 69 0 3 0 68 15CoHa.626
1313.885349 0.0003 0.0003 0 4 0 70 0 3 0 69 15CoHa.627
1314.559855 0.0003 0.0003 0 4 0 71 0 3 0 70 15CoHa.628
1315.219225 0.0003 0.0003 0 4 0 72 0 3 0 71 15CoHa.629
1315.866618 0.0003 0.0003 0 4 0 73 0 3 0 72 15CoHa.630
1317.115293 0.0003 0.0003 0 4 0 75 0 3 0 74 15CoHa.631
1317.718849 0.0003 0.0003 0 4 0 76 0 3 0 75 15CoHa.632
1049.137636 0.0003 0.0003 0 6 0 78 0 5 0 79 15CoHa.633
1051.542502 0.0003 0.0003 0 6 0 77 0 5 0 78 15CoHa.634
1053.939924 0.0003 0.0003 0 6 0 76 0 5 0 77 15CoHa.635
1056.324932 0.0003 0.0003 0 6 0 75 0 5 0 76 15CoHa.636
1058.700096 0.0003 0.0003 0 6 0 74 0 5 0 75 15CoHa.637
1061.069399 0.0003 0.0003 0 6 0 73 0 5 0 74 15CoHa.638
1063.425392 0.0003 0.0003 0 6 0 72 0 5 0 73 15CoHa.639
1065.771244 0.0003 0.0003 0 6 0 71 0 5 0 72 15CoHa.640
1068.110798 0.0003 0.0003 0 6 0 70 0 5 0 71 15CoHa.641
1070.438028 0.0003 0.0003 0 6 0 69 0 5 0 70 15CoHa.642
1075.064905 0.0003 0.0003 0 6 0 67 0 5 0 68 15CoHa.643
1079.651629 0.0003 0.0003 0 6 0 65 0 5 0 66 15CoHa.644
1081.931779 0.0003 0.0003 0 6 0 64 0 5 0 65 15CoHa.645
1084.201895 0.0003 0.0003 0 6 0 63 0 5 0 64 15CoHa.646
1088.708070 0.0003 0.0003 0 6 0 61 0 5 0 62 15CoHa.647
1090.948633 0.0003 0.0003 0 6 0 60 0 5 0 61 15CoHa.648
1095.398385 0.0003 0.0003 0 6 0 58 0 5 0 59 15CoHa.649
1097.606470 0.0003 0.0003 0 6 0 57 0 5 0 58 15CoHa.650
1099.810062 0.0003 0.0003 0 6 0 56 0 5 0 57 15CoHa.651
1101.996795 0.0003 0.0003 0 6 0 55 0 5 0 56 15CoHa.652
1104.174560 0.0003 0.0003 0 6 0 54 0 5 0 55 15CoHa.653
1106.343525 0.0003 0.0003 0 6 0 53 0 5 0 54 15CoHa.654
1108.505030 0.0003 0.0003 0 6 0 52 0 5 0 53 15CoHa.655
1110.650322 0.0003 0.0003 0 6 0 51 0 5 0 52 15CoHa.656
1112.790821 0.0003 0.0003 0 6 0 50 0 5 0 51 15CoHa.657
1114.916224 0.0003 0.0003 0 6 0 49 0 5 0 50 15CoHa.658
1117.035395 0.0003 0.0003 0 6 0 48 0 5 0 49 15CoHa.659
1133.602352 0.0003 0.0003 0 6 0 40 0 5 0 41 15CoHa.660
1135.625320 0.0003 0.0003 0 6 0 39 0 5 0 40 15CoHa.661
1137.638861 0.0003 0.0003 0 6 0 38 0 5 0 39 15CoHa.662
1139.639856 0.0003 0.0003 0 6 0 37 0 5 0 38 15CoHa.663
1141.631045 0.0003 0.0003 0 6 0 36 0 5 0 37 15CoHa.664
1143.613419 0.0003 0.0003 0 6 0 35 0 5 0 36 15CoHa.665
1145.586222 0.0003 0.0003 0 6 0 34 0 5 0 35 15CoHa.666
1147.543942 0.0003 0.0003 0 6 0 33 0 5 0 34 15CoHa.667
1149.490707 0.0003 0.0003 0 6 0 32 0 5 0 33 15CoHa.668
1151.428578 0.0003 0.0003 0 6 0 31 0 5 0 32 15CoHa.669
1155.272308 0.0003 0.0003 0 6 0 29 0 5 0 30 15CoHa.670
1157.177298 0.0003 0.0003 0 6 0 28 0 5 0 29 15CoHa.671
1159.071557 0.0003 0.0003 0 6 0 27 0 5 0 28 15CoHa.672
1160.954637 0.0003 0.0003 0 6 0 26 0 5 0 27 15CoHa.673
1162.826645 0.0003 0.0003 0 6 0 25 0 5 0 26 15CoHa.674
1164.689707 0.0003 0.0003 0 6 0 24 0 5 0 25 15CoHa.675
1168.378173 0.0003 0.0003 0 6 0 22 0 5 0 23 15CoHa.676
1170.204970 0.0003 0.0003 0 6 0 21 0 5 0 22 15CoHa.677
1172.020927 0.0003 0.0003 0 6 0 20 0 5 0 21 15CoHa.678
1173.827315 0.0003 0.0003 0 6 0 19 0 5 0 20 15CoHa.679
1175.621472 0.0003 0.0003 0 6 0 18 0 5 0 19 15CoHa.680
1177.406670 0.0003 0.0003 0 6 0 17 0 5 0 18 15CoHa.681
1179.175132 0.0003 0.0003 0 6 0 16 0 5 0 17 15CoHa.682
1182.687734 0.0003 0.0003 0 6 0 14 0 5 0 15 15CoHa.683
1184.424086 0.0003 0.0003 0 6 0 13 0 5 0 14 15CoHa.684
1186.148720 0.0003 0.0003 0 6 0 12 0 5 0 13 15CoHa.685
1192.940950 0.0003 0.0003 0 6 0 8 0 5 0 9 15CoHa.686
1194.606045 0.0003 0.0003 0 6 0 7 0 5 0 8 15CoHa.687
1216.735909 0.0003 0.0003 0 6 0 6 0 5 0 5 15CoHa.688
1225.500351 0.0003 0.0003 0 6 0 12 0 5 0 11 15CoHa.689
1226.918037 0.0003 0.0003 0 6 0 13 0 5 0 12 15CoHa.690
1231.100275 0.0003 0.0003 0 6 0 16 0 5 0 15 15CoHa.691
1232.469223 0.0003 0.0003 0 6 0 17 0 5 0 16 15CoHa.692
1235.169558 0.0003 0.0003 0 6 0 19 0 5 0 18 15CoHa.693
1236.500707 0.0003 0.0003 0 6 0 20 0 5 0 19 15CoHa.694
1237.819388 0.0003 0.0003 0 6 0 21 0 5 0 20 15CoHa.695
1239.124778 0.0003 0.0003 0 6 0 22 0 5 0 21 15CoHa.696
1240.421808 0.0003 0.0003 0 6 0 23 0 5 0 22 15CoHa.697
1241.700505 0.0003 0.0003 0 6 0 24 0 5 0 23 15CoHa.698
1242.969818 0.0003 0.0003 0 6 0 25 0 5 0 24 15CoHa.699
1244.224971 0.0003 0.0003 0 6 0 26 0 5 0 25 15CoHa.700
1245.469074 0.0003 0.0003 0 6 0 27 0 5 0 26 15CoHa.701
1246.698667 0.0003 0.0003 0 6 0 28 0 5 0 27 15CoHa.702
1247.915976 0.0003 0.0003 0 6 0 29 0 5 0 28 15CoHa.703
1249.122069 0.0003 0.0003 0 6 0 30 0 5 0 29 15CoHa.704
1250.314542 0.0003 0.0003 0 6 0 31 0 5 0 30 15CoHa.705
1251.491872 0.0003 0.0003 0 6 0 32 0 5 0 31 15CoHa.706
1252.658179 0.0003 0.0003 0 6 0 33 0 5 0 32 15CoHa.707
1253.810674 0.0003 0.0003 0 6 0 34 0 5 0 33 15CoHa.708
1254.950095 0.0003 0.0003 0 6 0 35 0 5 0 34 15CoHa.709
1256.079345 0.0003 0.0003 0 6 0 36 0 5 0 35 15CoHa.710
1258.293002 0.0003 0.0003 0 6 0 38 0 5 0 37 15CoHa.711
1259.380680 0.0003 0.0003 0 6 0 39 0 5 0 38 15CoHa.712
1261.518027 0.0003 0.0003 0 6 0 41 0 5 0 40 15CoHa.713
1262.567318 0.0003 0.0003 0 6 0 42 0 5 0 41 15CoHa.714
1271.398366 0.0003 0.0003 0 6 0 51 0 5 0 50 15CoHa.715
1272.312392 0.0003 0.0003 0 6 0 52 0 5 0 51 15CoHa.716
1273.212980 0.0003 0.0003 0 6 0 53 0 5 0 52 15CoHa.717
1274.973745 0.0003 0.0003 0 6 0 55 0 5 0 54 15CoHa.718
1275.833621 0.0003 0.0003 0 6 0 56 0 5 0 55 15CoHa.719
1276.678371 0.0003 0.0003 0 6 0 57 0 5 0 56 15CoHa.720
1277.511586 0.0003 0.0003 0 6 0 58 0 5 0 57 15CoHa.721
1278.328768 0.0003 0.0003 0 6 0 59 0 5 0 58 15CoHa.722
1279.134760 0.0003 0.0003 0 6 0 60 0 5 0 59 15CoHa.723
1279.925106 0.0003 0.0003 0 6 0 61 0 5 0 60 15CoHa.724
1280.702361 0.0003 0.0003 0 6 0 62 0 5 0 61 15CoHa.725
1281.464010 0.0003 0.0003 0 6 0 63 0 5 0 62 15CoHa.726
1282.211364 0.0003 0.0003 0 6 0 64 0 5 0 63 15CoHa.727
1282.947960 0.0003 0.0003 0 6 0 65 0 5 0 64 15CoHa.728
1284.373168 0.0003 0.0003 0 6 0 67 0 5 0 66 15CoHa.729
1285.063789 0.0003 0.0003 0 6 0 68 0 5 0 67 15CoHa.730
1286.407074 0.0003 0.0003 0 6 0 70 0 5 0 69 15CoHa.731
1287.057352 0.0003 0.0003 0 6 0 71 0 5 0 70 15CoHa.732
1289.512350 0.0003 0.0003 0 6 0 75 0 5 0 74 15CoHa.733
1290.087810 0.0003 0.0003 0 6 0 76 0 5 0 75 15CoHa.734
1076.577910 0.0015 0.0015 0 7 0 61 0 6 0 62 15CoHa.735
1078.801856 0.0015 0.0015 0 7 0 60 0 6 0 61 15CoHa.736
1083.230612 0.0015 0.0015 0 7 0 58 0 6 0 59 15CoHa.737
1085.425434 0.0015 0.0015 0 7 0 57 0 6 0 58 15CoHa.738
1087.614626 0.0015 0.0015 0 7 0 56 0 6 0 57 15CoHa.739
1089.794115 0.0015 0.0015 0 7 0 55 0 6 0 56 15CoHa.740
1091.962856 0.0015 0.0015 0 7 0 54 0 6 0 55 15CoHa.741
1094.116756 0.0015 0.0015 0 7 0 53 0 6 0 54 15CoHa.742
1096.267037 0.0015 0.0015 0 7 0 52 0 6 0 53 15CoHa.743
1100.530376 0.0015 0.0015 0 7 0 50 0 6 0 51 15CoHa.744
1102.644701 0.0015 0.0015 0 7 0 49 0 6 0 50 15CoHa.745
1121.224694 0.0015 0.0015 0 7 0 40 0 6 0 41 15CoHa.746
1123.239365 0.0015 0.0015 0 7 0 39 0 6 0 40 15CoHa.747
1125.240211 0.0015 0.0015 0 7 0 38 0 6 0 39 15CoHa.748
1129.208706 0.0015 0.0015 0 7 0 36 0 6 0 37 15CoHa.749
1131.178542 0.0015 0.0015 0 7 0 35 0 6 0 36 15CoHa.750
1133.138337 0.0015 0.0015 0 7 0 34 0 6 0 35 15CoHa.751
1135.086389 0.0015 0.0015 0 7 0 33 0 6 0 34 15CoHa.752
1137.022456 0.0015 0.0015 0 7 0 32 0 6 0 33 15CoHa.753
1138.950370 0.0015 0.0015 0 7 0 31 0 6 0 32 15CoHa.754
1140.860941 0.0015 0.0015 0 7 0 30 0 6 0 31 15CoHa.755
1144.664118 0.0015 0.0015 0 7 0 28 0 6 0 29 15CoHa.756
1146.543894 0.0015 0.0015 0 7 0 27 0 6 0 28 15CoHa.757
1148.413317 0.0015 0.0015 0 7 0 26 0 6 0 27 15CoHa.758
1150.275884 0.0015 0.0015 0 7 0 25 0 6 0 26 15CoHa.759
1152.126067 0.0015 0.0015 0 7 0 24 0 6 0 25 15CoHa.760
1153.959817 0.0015 0.0015 0 7 0 23 0 6 0 24 15CoHa.761
1155.790672 0.0015 0.0015 0 7 0 22 0 6 0 23 15CoHa.762
1157.610418 0.0015 0.0015 0 7 0 21 0 6 0 22 15CoHa.763
1159.411649 0.0015 0.0015 0 7 0 20 0 6 0 21 15CoHa.764
1161.206031 0.0015 0.0015 0 7 0 19 0 6 0 20 15CoHa.765
1162.988091 0.0015 0.0015 0 7 0 18 0 6 0 19 15CoHa.766
1164.758312 0.0015 0.0015 0 7 0 17 0 6 0 18 15CoHa.767
1168.270092 0.0015 0.0015 0 7 0 15 0 6 0 16 15CoHa.768
1171.733027 0.0015 0.0015 0 7 0 13 0 6 0 14 15CoHa.769
1173.446271 0.0015 0.0015 0 7 0 12 0 6 0 13 15CoHa.770
1175.148069 0.0015 0.0015 0 7 0 11 0 6 0 12 15CoHa.771
1176.836843 0.0015 0.0015 0 7 0 10 0 6 0 11 15CoHa.772
1178.520539 0.0015 0.0015 0 7 0 9 0 6 0 10 15CoHa.773
1211.080695 0.0015 0.0015 0 7 0 11 0 6 0 10 15CoHa.774
1212.501035 0.0015 0.0015 0 7 0 12 0 6 0 11 15CoHa.775
1213.908292 0.0015 0.0015 0 7 0 13 0 6 0 12 15CoHa.776
1215.301867 0.0015 0.0015 0 7 0 14 0 6 0 13 15CoHa.777
1216.680436 0.0015 0.0015 0 7 0 15 0 6 0 14 15CoHa.778
1218.053593 0.0015 0.0015 0 7 0 16 0 6 0 15 15CoHa.779
1219.409800 0.0015 0.0015 0 7 0 17 0 6 0 16 15CoHa.780
1220.750577 0.0015 0.0015 0 7 0 18 0 6 0 17 15CoHa.781
1222.081916 0.0015 0.0015 0 7 0 19 0 6 0 18 15CoHa.782
1223.404791 0.0015 0.0015 0 7 0 20 0 6 0 19 15CoHa.783
1224.711845 0.0015 0.0015 0 7 0 21 0 6 0 20 15CoHa.784
1226.007849 0.0015 0.0015 0 7 0 22 0 6 0 21 15CoHa.785
1227.288223 0.0015 0.0015 0 7 0 23 0 6 0 22 15CoHa.786
1229.814996 0.0015 0.0015 0 7 0 25 0 6 0 24 15CoHa.787
1231.059044 0.0015 0.0015 0 7 0 26 0 6 0 25 15CoHa.788
1232.287442 0.0015 0.0015 0 7 0 27 0 6 0 26 15CoHa.789
1233.505871 0.0015 0.0015 0 7 0 28 0 6 0 27 15CoHa.790
1234.709387 0.0015 0.0015 0 7 0 29 0 6 0 28 15CoHa.791
1235.899649 0.0015 0.0015 0 7 0 30 0 6 0 29 15CoHa.792
1237.082870 0.0015 0.0015 0 7 0 31 0 6 0 30 15CoHa.793
1238.251562 0.0015 0.0015 0 7 0 32 0 6 0 31 15CoHa.794
1239.403606 0.0015 0.0015 0 7 0 33 0 6 0 32 15CoHa.795
1240.545590 0.0015 0.0015 0 7 0 34 0 6 0 33 15CoHa.796
1241.674929 0.0015 0.0015 0 7 0 35 0 6 0 34 15CoHa.797
1243.891547 0.0015 0.0015 0 7 0 37 0 6 0 36 15CoHa.798
1244.978617 0.0015 0.0015 0 7 0 38 0 6 0 37 15CoHa.799
1246.054807 0.0015 0.0015 0 7 0 39 0 6 0 38 15CoHa.800
1247.117761 0.0015 0.0015 0 7 0 40 0 6 0 39 15CoHa.801
1248.165001 0.0015 0.0015 0 7 0 41 0 6 0 40 15CoHa.802
1249.202502 0.0015 0.0015 0 7 0 42 0 6 0 41 15CoHa.803
1257.011057 0.0015 0.0015 0 7 0 50 0 6 0 49 15CoHa.804
1257.926130 0.0015 0.0015 0 7 0 51 0 6 0 50 15CoHa.805
1258.828796 0.0015 0.0015 0 7 0 52 0 6 0 51 15CoHa.806
1259.715777 0.0015 0.0015 0 7 0 53 0 6 0 52 15CoHa.807
1260.592112 0.0015 0.0015 0 7 0 54 0 6 0 53 15CoHa.808
1262.300604 0.0015 0.0015 0 7 0 56 0 6 0 55 15CoHa.809
1263.133788 0.0015 0.0015 0 7 0 57 0 6 0 56 15CoHa.810
48991.000000 0.006000 0.006000 0 0 0 1 0 0 0 0 55MoBi.1
48635.912000 0.040000 0.040000 0 1 0 1 0 1 0 0 55MoBi.2
97981.007000 0.008000 0.008000 0 0 0 2 0 0 0 1 63KeSaWiGo.1
146969.039000 0.030000 0.030000 0 0 0 3 0 0 0 2 63KeSaWiGo.2
195954.162000 0.050000 0.050000 0 0 0 4 0 0 0 3 63KeSaWiGo.3
244935.737000 0.050000 0.050000 0 0 0 5 0 0 0 4 63KeSaWiGo.4
2529.722700 0.005000 0.005000 0 2 0 0 0 0 0 1 84WiDaPeBr.1
2532.962400 0.005000 0.005000 0 2 0 1 0 0 0 0 84WiDaPeBr.2
2528.062900 0.005000 0.005000 0 2 0 1 0 0 0 2 84WiDaPeBr.3
2534.552100 0.005000 0.005000 0 2 0 2 0 0 0 1 84WiDaPeBr.4
2526.380500 0.001000 0.001000 0 2 0 2 0 0 0 3 84WiDaPeBr.5
2536.114700 0.005000 0.005000 0 2 0 3 0 0 0 2 84WiDaPeBr.6
2524.675900 0.005000 0.005000 0 2 0 3 0 0 0 4 84WiDaPeBr.7
2522.947800 0.005000 0.005000 0 2 0 4 0 0 0 5 84WiDaPeBr.8
2539.171800 0.005000 0.005000 0 2 0 5 0 0 0 4 84WiDaPeBr.9
2521.194200 0.005000 0.005000 0 2 0 5 0 0 0 6 84WiDaPeBr.10
2542.127800 0.005000 0.005000 0 2 0 7 0 0 0 6 84WiDaPeBr.11
2513.951100 0.005000 0.005000 0 2 0 9 0 0 0 10 84WiDaPeBr.12
2502.391200 0.005000 0.005000 0 2 0 15 0 0 0 16 84WiDaPeBr.13
2554.257900 0.005000 0.005000 0 2 0 16 0 0 0 15 84WiDaPeBr.14
2498.337000 0.005000 0.005000 0 2 0 17 0 0 0 18 84WiDaPeBr.15
2556.689600 0.005000 0.005000 0 2 0 18 0 0 0 17 84WiDaPeBr.16
2557.864500 0.005000 0.005000 0 2 0 19 0 0 0 18 84WiDaPeBr.17
2492.111900 0.005000 0.005000 0 2 0 20 0 0 0 21 84WiDaPeBr.18
2489.986200 0.005000 0.005000 0 2 0 21 0 0 0 22 84WiDaPeBr.19
2561.255600 0.001000 0.001000 0 2 0 22 0 0 0 21 84WiDaPeBr.20
2487.832400 0.005000 0.005000 0 2 0 22 0 0 0 23 84WiDaPeBr.21
2562.336600 0.001000 0.001000 0 2 0 23 0 0 0 22 84WiDaPeBr.22
2485.669500 0.001000 0.001000 0 2 0 23 0 0 0 24 84WiDaPeBr.23
2563.393300 0.001000 0.001000 0 2 0 24 0 0 0 23 84WiDaPeBr.24
2483.476700 0.001000 0.001000 0 2 0 24 0 0 0 25 84WiDaPeBr.25
2564.425600 0.001000 0.001000 0 2 0 25 0 0 0 24 84WiDaPeBr.26
2481.260800 0.001000 0.001000 0 2 0 25 0 0 0 26 84WiDaPeBr.27
2565.433300 0.001000 0.001000 0 2 0 26 0 0 0 25 84WiDaPeBr.28
2479.021700 0.001000 0.001000 0 2 0 26 0 0 0 27 84WiDaPeBr.29
2566.416500 0.001000 0.001000 0 2 0 27 0 0 0 26 84WiDaPeBr.30
2476.759500 0.001000 0.001000 0 2 0 27 0 0 0 28 84WiDaPeBr.31
2567.375100 0.001000 0.001000 0 2 0 28 0 0 0 27 84WiDaPeBr.32
2474.475200 0.001000 0.001000 0 2 0 28 0 0 0 29 84WiDaPeBr.33
2568.309100 0.001000 0.001000 0 2 0 29 0 0 0 28 84WiDaPeBr.34
2472.168400 0.005000 0.005000 0 2 0 29 0 0 0 30 84WiDaPeBr.35
2569.218400 0.001000 0.001000 0 2 0 30 0 0 0 29 84WiDaPeBr.36
2469.837800 0.001000 0.001000 0 2 0 30 0 0 0 31 84WiDaPeBr.37
2570.103100 0.001000 0.001000 0 2 0 31 0 0 0 30 84WiDaPeBr.38
2467.484700 0.001000 0.001000 0 2 0 31 0 0 0 32 84WiDaPeBr.39
2570.963100 0.001000 0.001000 0 2 0 32 0 0 0 31 84WiDaPeBr.40
2465.109500 0.001000 0.001000 0 2 0 32 0 0 0 33 84WiDaPeBr.41
2571.798200 0.001000 0.001000 0 2 0 33 0 0 0 32 84WiDaPeBr.42
2462.710800 0.001000 0.001000 0 2 0 33 0 0 0 34 84WiDaPeBr.43
2572.608600 0.001000 0.001000 0 2 0 34 0 0 0 33 84WiDaPeBr.44
2460.290200 0.001000 0.001000 0 2 0 34 0 0 0 35 84WiDaPeBr.45
2573.394200 0.001000 0.001000 0 2 0 35 0 0 0 34 84WiDaPeBr.46
2457.847500 0.005000 0.005000 0 2 0 35 0 0 0 36 84WiDaPeBr.47
2574.154900 0.001000 0.001000 0 2 0 36 0 0 0 35 84WiDaPeBr.48
2455.380700 0.001000 0.001000 0 2 0 36 0 0 0 37 84WiDaPeBr.49
2574.890700 0.001000 0.001000 0 2 0 37 0 0 0 36 84WiDaPeBr.50
2452.891800 0.001000 0.001000 0 2 0 37 0 0 0 38 84WiDaPeBr.51
2575.601600 0.001000 0.001000 0 2 0 38 0 0 0 37 84WiDaPeBr.52
2450.380700 0.001000 0.001000 0 2 0 38 0 0 0 39 84WiDaPeBr.53
2576.287600 0.001000 0.001000 0 2 0 39 0 0 0 38 84WiDaPeBr.54
2447.847400 0.001000 0.001000 0 2 0 39 0 0 0 40 84WiDaPeBr.55
2576.948700 0.001000 0.001000 0 2 0 40 0 0 0 39 84WiDaPeBr.56
2445.291500 0.001000 0.001000 0 2 0 40 0 0 0 41 84WiDaPeBr.57
2577.584500 0.001000 0.001000 0 2 0 41 0 0 0 40 84WiDaPeBr.58
2442.712700 0.001000 0.001000 0 2 0 41 0 0 0 42 84WiDaPeBr.59
2578.195500 0.001000 0.001000 0 2 0 42 0 0 0 41 84WiDaPeBr.60
2440.111900 0.001000 0.001000 0 2 0 42 0 0 0 43 84WiDaPeBr.61
2578.781300 0.001000 0.001000 0 2 0 43 0 0 0 42 84WiDaPeBr.62
2437.488200 0.005000 0.005000 0 2 0 43 0 0 0 44 84WiDaPeBr.63
2579.341900 0.001000 0.001000 0 2 0 44 0 0 0 43 84WiDaPeBr.64
2434.847900 0.005000 0.005000 0 2 0 44 0 0 0 45 84WiDaPeBr.65
2579.867500 0.001000 0.001000 0 2 0 45 0 0 0 44 84WiDaPeBr.66
2432.175200 0.001000 0.001000 0 2 0 45 0 0 0 46 84WiDaPeBr.67
2580.387700 0.001000 0.001000 0 2 0 46 0 0 0 45 84WiDaPeBr.68
2429.484900 0.001000 0.001000 0 2 0 46 0 0 0 47 84WiDaPeBr.69
2580.872800 0.001000 0.001000 0 2 0 47 0 0 0 46 84WiDaPeBr.70
2426.772400 0.001000 0.001000 0 2 0 47 0 0 0 48 84WiDaPeBr.71
2581.332700 0.001000 0.001000 0 2 0 48 0 0 0 47 84WiDaPeBr.72
2424.037300 0.005000 0.005000 0 2 0 48 0 0 0 49 84WiDaPeBr.73
2581.767000 0.001000 0.001000 0 2 0 49 0 0 0 48 84WiDaPeBr.74
2421.281000 0.005000 0.005000 0 2 0 49 0 0 0 50 84WiDaPeBr.75
2582.176200 0.001000 0.001000 0 2 0 50 0 0 0 49 84WiDaPeBr.76
2418.501600 0.001000 0.001000 0 2 0 50 0 0 0 51 84WiDaPeBr.77
2582.559900 0.001000 0.001000 0 2 0 51 0 0 0 50 84WiDaPeBr.78
2415.700400 0.001000 0.001000 0 2 0 51 0 0 0 52 84WiDaPeBr.79
2582.918300 0.001000 0.001000 0 2 0 52 0 0 0 51 84WiDaPeBr.80
2412.876900 0.001000 0.001000 0 2 0 52 0 0 0 53 84WiDaPeBr.81
2583.251100 0.001000 0.001000 0 2 0 53 0 0 0 52 84WiDaPeBr.82
2410.031500 0.001000 0.001000 0 2 0 53 0 0 0 54 84WiDaPeBr.83
2583.558600 0.001000 0.001000 0 2 0 54 0 0 0 53 84WiDaPeBr.84
2407.164100 0.001000 0.001000 0 2 0 54 0 0 0 55 84WiDaPeBr.85
2583.840500 0.001000 0.001000 0 2 0 55 0 0 0 54 84WiDaPeBr.86
2404.274500 0.001000 0.001000 0 2 0 55 0 0 0 56 84WiDaPeBr.87
2584.096500 0.001000 0.001000 0 2 0 56 0 0 0 55 84WiDaPeBr.88
2401.362500 0.005000 0.005000 0 2 0 56 0 0 0 57 84WiDaPeBr.89
2584.327300 0.001000 0.001000 0 2 0 57 0 0 0 56 84WiDaPeBr.90
2398.429500 0.001000 0.001000 0 2 0 57 0 0 0 58 84WiDaPeBr.91
2584.532900 0.005000 0.005000 0 2 0 58 0 0 0 57 84WiDaPeBr.92
2395.473900 0.001000 0.001000 0 2 0 58 0 0 0 59 84WiDaPeBr.93
2584.712500 0.005000 0.005000 0 2 0 59 0 0 0 58 84WiDaPeBr.94
2392.498700 0.005000 0.005000 0 2 0 59 0 0 0 60 84WiDaPeBr.95
2584.860000 0.005000 0.005000 0 2 0 60 0 0 0 59 84WiDaPeBr.96
2389.496500 0.005000 0.005000 0 2 0 60 0 0 0 61 84WiDaPeBr.97
2584.989100 0.005000 0.005000 0 2 0 61 0 0 0 60 84WiDaPeBr.98
2386.475700 0.001000 0.001000 0 2 0 61 0 0 0 62 84WiDaPeBr.99
2585.091900 0.005000 0.005000 0 2 0 62 0 0 0 61 84WiDaPeBr.100
2383.431900 0.005000 0.005000 0 2 0 62 0 0 0 63 84WiDaPeBr.101
2585.169100 0.005000 0.005000 0 2 0 63 0 0 0 62 84WiDaPeBr.102
2380.368200 0.001000 0.001000 0 2 0 63 0 0 0 64 84WiDaPeBr.103
2585.219900 0.005000 0.005000 0 2 0 64 0 0 0 63 84WiDaPeBr.104
2377.281100 0.001000 0.001000 0 2 0 64 0 0 0 65 84WiDaPeBr.105
2585.246600 0.005000 0.005000 0 2 0 65 0 0 0 64 84WiDaPeBr.106
2374.171000 0.005000 0.005000 0 2 0 65 0 0 0 66 84WiDaPeBr.107
2585.246600 0.005000 0.005000 0 2 0 66 0 0 0 65 84WiDaPeBr.108
2371.042500 0.001000 0.001000 0 2 0 66 0 0 0 67 84WiDaPeBr.109
2585.219900 0.005000 0.005000 0 2 0 67 0 0 0 66 84WiDaPeBr.110
2585.169100 0.005000 0.005000 0 2 0 68 0 0 0 67 84WiDaPeBr.111
2364.717200 0.001000 0.001000 0 2 0 68 0 0 0 69 84WiDaPeBr.112
2584.989100 0.001000 0.001000 0 2 0 70 0 0 0 69 84WiDaPeBr.113
2358.303900 0.005000 0.005000 0 2 0 70 0 0 0 71 84WiDaPeBr.114
2584.687500 0.005000 0.005000 0 2 0 72 0 0 0 71 84WiDaPeBr.115
2351.806800 0.001000 0.001000 0 2 0 72 0 0 0 73 84WiDaPeBr.116
2584.297300 0.001000 0.001000 0 2 0 74 0 0 0 73 84WiDaPeBr.117
2345.222200 0.005000 0.005000 0 2 0 74 0 0 0 75 84WiDaPeBr.118
2583.797200 0.005000 0.005000 0 2 0 76 0 0 0 75 84WiDaPeBr.119
2338.549600 0.005000 0.005000 0 2 0 76 0 0 0 77 84WiDaPeBr.120
2583.193900 0.005000 0.005000 0 2 0 78 0 0 0 77 84WiDaPeBr.121
2331.793500 0.005000 0.005000 0 2 0 78 0 0 0 79 84WiDaPeBr.122
2582.483300 0.001000 0.001000 0 2 0 80 0 0 0 79 84WiDaPeBr.123
38798.720000 0.100000 0.100000 1 0 1 1 0 0 0 0 61BaDiLaWr.1
38798.670000 0.200000 0.200000 1 0 1 1 0 0 0 0 61BaDiLaWr.2
38853.570000 0.100000 0.100000 6 0 1 1 0 0 0 0 61BaDiLaWr.3
38801.650000 0.200000 0.200000 1 0 1 2 0 0 0 0 61BaDiLaWr.4
38801.740000 0.200000 0.200000 1 0 1 2 0 0 0 0 61BaDiLaWr.5
38855.920000 0.200000 0.200000 6 0 1 2 0 0 0 0 61BaDiLaWr.6
38801.740000 0.100000 0.100000 1 0 1 2 0 0 0 0 61BaDiLaWr.7
38806.350000 0.100000 0.100000 1 0 1 3 0 0 0 0 61BaDiLaWr.8
38806.390000 0.100000 0.100000 1 0 1 3 0 0 0 0 61BaDiLaWr.9
38859.400000 0.200000 0.200000 6 0 1 3 0 0 0 0 61BaDiLaWr.10
38859.460000 0.100000 0.100000 6 0 2 3 0 0 0 0 61BaDiLaWr.11
38806.370000 0.100000 0.100000 1 0 1 3 0 0 0 0 61BaDiLaWr.12
38812.550000 0.100000 0.100000 1 0 1 4 0 0 0 0 61BaDiLaWr.13
38812.580000 0.200000 0.200000 1 0 1 4 0 0 0 0 61BaDiLaWr.14
38864.100000 0.200000 0.200000 6 0 1 4 0 0 0 0 61BaDiLaWr.15
38864.130000 0.100000 0.100000 6 0 2 4 0 0 0 0 61BaDiLaWr.16
38812.580000 0.100000 0.100000 1 0 1 4 0 0 0 0 61BaDiLaWr.17
38820.300000 0.100000 0.100000 1 0 1 5 0 0 0 0 61BaDiLaWr.18
38820.260000 0.100000 0.100000 1 0 1 5 0 0 0 0 61BaDiLaWr.19
38869.910000 0.100000 0.100000 6 0 1 5 0 0 0 0 61BaDiLaWr.20
38870.000000 0.100000 0.100000 6 0 2 5 0 0 0 0 61BaDiLaWr.21
38820.240000 0.200000 0.200000 1 0 1 5 0 0 0 0 61BaDiLaWr.22
38829.480000 0.100000 0.100000 1 0 1 6 0 0 0 0 61BaDiLaWr.23
38829.520000 0.100000 0.100000 1 0 1 6 0 0 0 0 61BaDiLaWr.24
38877.080000 0.100000 0.100000 6 0 1 6 0 0 0 0 61BaDiLaWr.25
38877.020000 0.100000 0.100000 6 0 2 6 0 0 0 0 61BaDiLaWr.26
38829.530000 0.100000 0.100000 1 0 1 6 0 0 0 0 61BaDiLaWr.27
38886.430000 0.100000 0.100000 6 0 3 6 0 0 0 0 61BaDiLaWr.28
38870.890000 0.100000 0.100000 6 0 4 6 0 0 0 0 61BaDiLaWr.29
38840.320000 0.100000 0.100000 1 0 1 7 0 0 0 0 61BaDiLaWr.30
38840.300000 0.100000 0.100000 1 0 1 7 0 0 0 0 61BaDiLaWr.31
38885.320000 0.100000 0.100000 6 0 1 7 0 0 0 0 61BaDiLaWr.32
38885.260000 0.100000 0.100000 6 0 2 7 0 0 0 0 61BaDiLaWr.33
38840.250000 0.100000 0.100000 1 0 1 7 0 0 0 0 61BaDiLaWr.34
38895.750000 0.100000 0.100000 6 0 3 7 0 0 0 0 61BaDiLaWr.35
38878.130000 0.100000 0.100000 6 0 4 7 0 0 0 0 61BaDiLaWr.36
38852.600000 0.100000 0.100000 1 0 1 8 0 0 0 0 61BaDiLaWr.37
38852.640000 0.100000 0.100000 1 0 1 8 0 0 0 0 61BaDiLaWr.38
38894.720000 0.100000 0.100000 6 0 1 8 0 0 0 0 61BaDiLaWr.39
38894.750000 0.100000 0.100000 6 0 2 8 0 0 0 0 61BaDiLaWr.40
38852.590000 0.200000 0.200000 1 0 1 8 0 0 0 0 61BaDiLaWr.41
38906.340000 0.100000 0.100000 6 0 3 8 0 0 0 0 61BaDiLaWr.42
38886.340000 0.100000 0.100000 6 0 4 8 0 0 0 0 61BaDiLaWr.43
38866.440000 0.100000 0.100000 1 0 1 9 0 0 0 0 61BaDiLaWr.44
38866.500000 0.100000 0.100000 1 0 1 9 0 0 0 0 61BaDiLaWr.45
38905.380000 0.100000 0.100000 6 0 1 9 0 0 0 0 61BaDiLaWr.46
38905.370000 0.100000 0.100000 6 0 2 9 0 0 0 0 61BaDiLaWr.47
38866.440000 0.100000 0.100000 1 0 1 9 0 0 0 0 61BaDiLaWr.48
38918.070000 0.100000 0.100000 6 0 3 9 0 0 0 0 61BaDiLaWr.49
38895.820000 0.100000 0.100000 6 0 4 9 0 0 0 0 61BaDiLaWr.50
38881.840000 0.100000 0.100000 1 0 1 10 0 0 0 0 61BaDiLaWr.51
38881.860000 0.100000 0.100000 1 0 1 10 0 0 0 0 61BaDiLaWr.52
38917.190000 0.100000 0.100000 6 0 1 10 0 0 0 0 61BaDiLaWr.53
38917.130000 0.200000 0.200000 6 0 2 10 0 0 0 0 61BaDiLaWr.54
38881.790000 0.200000 0.200000 1 0 1 10 0 0 0 0 61BaDiLaWr.55
38931.050000 0.100000 0.100000 6 0 3 10 0 0 0 0 61BaDiLaWr.56
38906.270000 0.200000 0.200000 6 0 4 10 0 0 0 0 61BaDiLaWr.57
38898.730000 0.100000 0.100000 1 0 1 11 0 0 0 0 61BaDiLaWr.58
38898.810000 0.100000 0.100000 1 0 1 11 0 0 0 0 61BaDiLaWr.59
38930.200000 0.100000 0.100000 6 0 1 11 0 0 0 0 61BaDiLaWr.60
38930.170000 0.100000 0.100000 6 0 2 11 0 0 0 0 61BaDiLaWr.61
38898.600000 0.200000 0.200000 1 0 1 11 0 0 0 0 61BaDiLaWr.62
38945.140000 0.100000 0.100000 6 0 3 11 0 0 0 0 61BaDiLaWr.63
38918.320000 0.100000 0.100000 6 0 4 11 0 0 0 0 61BaDiLaWr.64
38917.130000 0.200000 0.200000 1 0 1 12 0 0 0 0 61BaDiLaWr.65
38917.220000 0.100000 0.100000 1 0 1 12 0 0 0 0 61BaDiLaWr.66
38944.400000 0.100000 0.100000 6 0 1 12 0 0 0 0 61BaDiLaWr.67
38944.400000 0.200000 0.200000 6 0 2 12 0 0 0 0 61BaDiLaWr.68
38916.850000 0.100000 0.100000 1 0 1 12 0 0 0 0 61BaDiLaWr.69
38960.480000 0.100000 0.100000 6 0 3 12 0 0 0 0 61BaDiLaWr.70
38931.410000 0.100000 0.100000 6 0 4 12 0 0 0 0 61BaDiLaWr.71
38937.150000 0.200000 0.200000 1 0 1 13 0 0 0 0 61BaDiLaWr.72
38937.050000 0.100000 0.100000 1 0 1 13 0 0 0 0 61BaDiLaWr.73
38959.810000 0.200000 0.200000 6 0 1 13 0 0 0 0 61BaDiLaWr.74
38959.640000 0.100000 0.100000 6 0 2 13 0 0 0 0 61BaDiLaWr.75
38936.190000 0.100000 0.100000 1 0 1 13 0 0 0 0 61BaDiLaWr.76
38976.770000 0.100000 0.100000 6 0 3 13 0 0 0 0 61BaDiLaWr.77
38946.650000 0.200000 0.200000 6 0 4 13 0 0 0 0 61BaDiLaWr.78
38958.390000 0.200000 0.200000 1 0 1 14 0 0 0 0 61BaDiLaWr.79
38958.340000 0.100000 0.100000 1 0 1 14 0 0 0 0 61BaDiLaWr.80
38976.770000 0.200000 0.200000 6 0 1 14 0 0 0 0 61BaDiLaWr.81
38976.720000 0.100000 0.100000 6 0 2 14 0 0 0 0 61BaDiLaWr.82
38955.910000 0.100000 0.100000 1 0 1 14 0 0 0 0 61BaDiLaWr.83
38994.670000 0.100000 0.100000 6 0 3 14 0 0 0 0 61BaDiLaWr.84
38963.840000 0.100000 0.100000 6 0 4 14 0 0 0 0 61BaDiLaWr.85
38980.830000 0.200000 0.200000 1 0 1 15 0 0 0 0 61BaDiLaWr.86
38980.820000 0.100000 0.100000 1 0 1 15 0 0 0 0 61BaDiLaWr.87
38995.050000 0.100000 0.100000 6 0 1 15 0 0 0 0 61BaDiLaWr.88
38995.080000 0.100000 0.100000 6 0 2 15 0 0 0 0 61BaDiLaWr.89
38974.780000 0.100000 0.100000 1 0 1 15 0 0 0 0 61BaDiLaWr.90
39013.460000 0.100000 0.100000 6 0 3 15 0 0 0 0 61BaDiLaWr.91
38984.800000 0.100000 0.100000 6 0 4 15 0 0 0 0 61BaDiLaWr.92
39003.960000 0.100000 0.100000 1 0 1 16 0 0 0 0 61BaDiLaWr.93
39004.020000 0.200000 0.200000 1 0 1 16 0 0 0 0 61BaDiLaWr.94
39015.400000 0.100000 0.100000 6 0 1 16 0 0 0 0 61BaDiLaWr.95
39015.430000 0.100000 0.100000 6 0 2 16 0 0 0 0 61BaDiLaWr.96
38993.240000 0.200000 0.200000 1 0 1 16 0 0 0 0 61BaDiLaWr.97
39033.340000 0.200000 0.200000 6 0 3 16 0 0 0 0 61BaDiLaWr.98
39008.640000 0.200000 0.200000 6 0 4 16 0 0 0 0 61BaDiLaWr.99
39027.120000 0.200000 0.200000 1 0 1 17 0 0 0 0 61BaDiLaWr.100
39027.090000 0.100000 0.100000 1 0 1 17 0 0 0 0 61BaDiLaWr.101
39038.570000 0.200000 0.200000 6 0 1 17 0 0 0 0 61BaDiLaWr.102
39038.620000 0.100000 0.100000 6 0 2 17 0 0 0 0 61BaDiLaWr.103
39012.230000 0.200000 0.200000 1 0 1 17 0 0 0 0 61BaDiLaWr.104
39054.920000 0.100000 0.100000 6 0 3 17 0 0 0 0 61BaDiLaWr.105
39034.250000 0.100000 0.100000 6 0 4 17 0 0 0 0 61BaDiLaWr.106
39049.930000 0.200000 0.200000 1 0 1 18 0 0 0 0 61BaDiLaWr.107
39049.840000 0.100000 0.100000 1 0 1 18 0 0 0 0 61BaDiLaWr.108
39064.800000 0.100000 0.100000 6 0 1 18 0 0 0 0 61BaDiLaWr.109
39064.760000 0.200000 0.200000 6 0 2 18 0 0 0 0 61BaDiLaWr.110
39032.230000 0.100000 0.100000 1 0 1 18 0 0 0 0 61BaDiLaWr.111
39077.270000 0.200000 0.200000 6 0 3 18 0 0 0 0 61BaDiLaWr.112
39061.930000 0.100000 0.100000 6 0 4 18 0 0 0 0 61BaDiLaWr.113
39073.060000 0.200000 0.200000 1 0 1 19 0 0 0 0 61BaDiLaWr.114
39072.940000 0.200000 0.200000 1 0 1 19 0 0 0 0 61BaDiLaWr.115
39093.430000 0.100000 0.100000 6 0 1 19 0 0 0 0 61BaDiLaWr.116
39093.420000 0.100000 0.100000 6 0 2 19 0 0 0 0 61BaDiLaWr.117
39053.480000 0.100000 0.100000 1 0 1 19 0 0 0 0 61BaDiLaWr.118
39101.120000 0.100000 0.100000 6 0 3 19 0 0 0 0 61BaDiLaWr.119
39090.660000 0.200000 0.200000 6 0 4 19 0 0 0 0 61BaDiLaWr.120
39096.790000 0.200000 0.200000 1 0 1 20 0 0 0 0 61BaDiLaWr.121
39096.750000 0.100000 0.100000 1 0 1 20 0 0 0 0 61BaDiLaWr.122
39123.990000 0.100000 0.100000 6 0 1 20 0 0 0 0 61BaDiLaWr.123
39123.960000 0.100000 0.100000 6 0 2 20 0 0 0 0 61BaDiLaWr.124
39127.560000 0.100000 0.100000 6 0 3 20 0 0 0 0 61BaDiLaWr.125
39119.900000 0.100000 0.100000 6 0 4 20 0 0 0 0 61BaDiLaWr.126
39121.360000 0.100000 0.100000 1 0 1 21 0 0 0 0 61BaDiLaWr.127
39121.580000 0.100000 0.100000 1 0 1 21 0 0 0 0 61BaDiLaWr.128
39156.250000 0.100000 0.100000 6 0 1 21 0 0 0 0 61BaDiLaWr.129
39156.280000 0.100000 0.100000 6 0 2 21 0 0 0 0 61BaDiLaWr.130
39157.600000 0.100000 0.100000 6 0 3 21 0 0 0 0 61BaDiLaWr.131
39148.330000 0.200000 0.200000 6 0 4 21 0 0 0 0 61BaDiLaWr.132
39147.610000 0.200000 0.200000 1 0 1 22 0 0 0 0 61BaDiLaWr.133
39190.180000 0.100000 0.100000 6 0 1 22 0 0 0 0 61BaDiLaWr.134
39190.190000 0.200000 0.200000 6 0 2 22 0 0 0 0 61BaDiLaWr.135
39190.810000 0.100000 0.100000 6 0 3 22 0 0 0 0 61BaDiLaWr.136
39176.050000 0.100000 0.100000 6 0 4 22 0 0 0 0 61BaDiLaWr.137
39174.380000 0.100000 0.100000 1 0 1 23 0 0 0 0 61BaDiLaWr.138
39174.540000 0.100000 0.100000 1 0 1 23 0 0 0 0 61BaDiLaWr.139
39225.660000 0.100000 0.100000 6 0 1 23 0 0 0 0 61BaDiLaWr.140
39225.740000 0.100000 0.100000 6 0 2 23 0 0 0 0 61BaDiLaWr.141
39226.070000 0.100000 0.100000 6 0 3 23 0 0 0 0 61BaDiLaWr.142
39204.730000 0.200000 0.200000 6 0 4 23 0 0 0 0 61BaDiLaWr.143
39202.670000 0.100000 0.100000 1 0 1 24 0 0 0 0 61BaDiLaWr.144
39262.810000 0.100000 0.100000 6 0 1 24 0 0 0 0 61BaDiLaWr.145
39262.840000 0.100000 0.100000 6 0 2 24 0 0 0 0 61BaDiLaWr.146
39263.030000 0.100000 0.100000 6 0 3 24 0 0 0 0 61BaDiLaWr.147
39233.990000 0.100000 0.100000 6 0 4 24 0 0 0 0 61BaDiLaWr.148
39301.470000 0.100000 0.100000 6 0 1 25 0 0 0 0 61BaDiLaWr.149
39301.500000 0.100000 0.100000 6 0 2 25 0 0 0 0 61BaDiLaWr.150
39301.660000 0.100000 0.100000 6 0 3 25 0 0 0 0 61BaDiLaWr.151
39264.580000 0.100000 0.100000 6 0 4 25 0 0 0 0 61BaDiLaWr.152
39341.700000 0.200000 0.200000 6 0 1 26 0 0 0 0 61BaDiLaWr.153
39341.740000 0.100000 0.100000 6 0 2 26 0 0 0 0 61BaDiLaWr.154
39341.860000 0.100000 0.100000 6 0 3 26 0 0 0 0 61BaDiLaWr.155
39383.510000 0.100000 0.100000 6 0 1 27 0 0 0 0 61BaDiLaWr.156
39383.530000 0.100000 0.100000 6 0 2 27 0 0 0 0 61BaDiLaWr.157
39383.600000 0.100000 0.100000 6 0 3 27 0 0 0 0 61BaDiLaWr.158
39426.670000 0.100000 0.100000 6 0 1 28 0 0 0 0 61BaDiLaWr.159
39426.860000 0.100000 0.100000 6 0 2 28 0 0 0 0 61BaDiLaWr.160
39426.910000 0.100000 0.100000 6 0 3 28 0 0 0 0 61BaDiLaWr.161
39471.790000 0.100000 0.100000 6 0 1 29 0 0 0 0 61BaDiLaWr.162
39471.780000 0.100000 0.100000 6 0 2 29 0 0 0 0 61BaDiLaWr.163
39471.880000 0.100000 0.100000 6 0 3 29 0 0 0 0 61BaDiLaWr.164
39518.120000 0.100000 0.100000 6 0 1 30 0 0 0 0 61BaDiLaWr.165
39518.110000 0.100000 0.100000 6 0 2 30 0 0 0 0 61BaDiLaWr.166
39518.060000 0.200000 0.200000 6 0 3 30 0 0 0 0 61BaDiLaWr.167
39566.350000 0.100000 0.100000 6 0 1 31 0 0 0 0 61BaDiLaWr.168
39566.140000 0.100000 0.100000 6 0 2 31 0 0 0 0 61BaDiLaWr.169
39566.190000 0.100000 0.100000 6 0 3 31 0 0 0 0 61BaDiLaWr.170
39615.670000 0.100000 0.100000 6 0 2 32 0 0 0 0 61BaDiLaWr.171
39615.810000 0.200000 0.200000 6 0 3 32 0 0 0 0 61BaDiLaWr.172
39666.690000 0.100000 0.100000 6 0 2 33 0 0 0 0 61BaDiLaWr.173
39666.690000 0.100000 0.100000 6 0 3 33 0 0 0 0 61BaDiLaWr.174
39719.220000 0.100000 0.100000 6 0 2 34 0 0 0 0 61BaDiLaWr.175
39719.230000 0.100000 0.100000 6 0 3 34 0 0 0 0 61BaDiLaWr.176
39773.230000 0.100000 0.100000 6 0 2 35 0 0 0 0 61BaDiLaWr.177
39773.290000 0.100000 0.100000 6 0 3 35 0 0 0 0 61BaDiLaWr.178
39828.770000 0.100000 0.100000 6 0 2 36 0 0 0 0 61BaDiLaWr.179
39828.880000 0.100000 0.100000 6 0 3 36 0 0 0 0 61BaDiLaWr.180
39885.850000 0.100000 0.100000 6 0 2 37 0 0 0 0 61BaDiLaWr.181
39885.720000 0.200000 0.200000 6 0 3 37 0 0 0 0 61BaDiLaWr.182
39944.310000 0.100000 0.100000 6 0 2 38 0 0 0 0 61BaDiLaWr.183
39844.520000 0.100000 0.100000 6 0 3 38 0 0 0 0 61BaDiLaWr.184
39904.200000 0.100000 0.100000 6 0 2 39 0 0 0 0 61BaDiLaWr.185
39804.570000 0.100000 0.100000 6 0 3 39 0 0 0 0 61BaDiLaWr.186
39965.350000 0.100000 0.100000 6 0 2 40 0 0 0 0 61BaDiLaWr.187
39866.250000 0.100000 0.100000 6 0 3 40 0 0 0 0 61BaDiLaWr.188
40127.810000 0.100000 0.100000 6 0 2 41 0 0 0 0 61BaDiLaWr.189
40128.900000 0.100000 0.100000 6 0 3 41 0 0 0 0 61BaDiLaWr.190
40190.060000 0.100000 0.100000 6 0 2 42 0 0 0 0 61BaDiLaWr.191
40193.230000 0.200000 0.200000 6 0 3 42 0 0 0 0 61BaDiLaWr.192
40883.110000 0.100000 0.100000 1 2 1 1 0 0 0 0 61BaDiLaWr.193
40883.000000 0.100000 0.100000 1 2 1 1 0 0 0 0 61BaDiLaWr.194
40886.060000 0.100000 0.100000 1 2 1 2 0 0 0 0 61BaDiLaWr.195
40886.020000 0.100000 0.100000 1 2 1 2 0 0 0 0 61BaDiLaWr.196
40890.620000 0.100000 0.100000 1 2 1 3 0 0 0 0 61BaDiLaWr.197
40890.660000 0.100000 0.100000 1 2 1 3 0 0 0 0 61BaDiLaWr.198
40896.650000 0.100000 0.100000 1 2 1 4 0 0 0 0 61BaDiLaWr.199
40896.520000 0.100000 0.100000 1 2 1 4 0 0 0 0 61BaDiLaWr.200
40896.780000 0.200000 0.200000 1 2 1 4 0 0 0 0 61BaDiLaWr.201
40904.290000 0.100000 0.100000 1 2 1 5 0 0 0 0 61BaDiLaWr.202
40904.210000 0.100000 0.100000 1 2 1 5 0 0 0 0 61BaDiLaWr.203
40904.240000 0.100000 0.100000 1 2 1 5 0 0 0 0 61BaDiLaWr.204
40913.380000 0.100000 0.100000 1 2 1 6 0 0 0 0 61BaDiLaWr.205
40913.370000 0.100000 0.100000 1 2 1 6 0 0 0 0 61BaDiLaWr.206
40913.420000 0.100000 0.100000 1 2 1 6 0 0 0 0 61BaDiLaWr.207
40923.980000 0.100000 0.100000 1 2 1 7 0 0 0 0 61BaDiLaWr.208
40924.010000 0.100000 0.100000 1 2 1 7 0 0 0 0 61BaDiLaWr.209
40924.090000 0.100000 0.100000 1 2 1 7 0 0 0 0 61BaDiLaWr.210
40936.160000 0.100000 0.100000 1 2 1 8 0 0 0 0 61BaDiLaWr.211
40936.180000 0.200000 0.200000 1 2 1 8 0 0 0 0 61BaDiLaWr.212
40936.290000 0.100000 0.100000 1 2 1 8 0 0 0 0 61BaDiLaWr.213
40949.830000 0.100000 0.100000 1 2 1 9 0 0 0 0 61BaDiLaWr.214
40949.860000 0.100000 0.100000 1 2 1 9 0 0 0 0 61BaDiLaWr.215
40949.870000 0.100000 0.100000 1 2 1 9 0 0 0 0 61BaDiLaWr.216
40964.960000 0.100000 0.100000 1 2 1 10 0 0 0 0 61BaDiLaWr.217
40964.920000 0.100000 0.100000 1 2 1 10 0 0 0 0 61BaDiLaWr.218
40965.010000 0.100000 0.100000 1 2 1 10 0 0 0 0 61BaDiLaWr.219
40981.620000 0.100000 0.100000 1 2 1 11 0 0 0 0 61BaDiLaWr.220
40981.660000 0.200000 0.200000 1 2 1 11 0 0 0 0 61BaDiLaWr.221
40981.650000 0.100000 0.100000 1 2 1 11 0 0 0 0 61BaDiLaWr.222
40999.790000 0.200000 0.200000 1 2 1 12 0 0 0 0 61BaDiLaWr.223
40999.860000 0.200000 0.200000 1 2 1 12 0 0 0 0 61BaDiLaWr.224
40999.840000 0.100000 0.100000 1 2 1 12 0 0 0 0 61BaDiLaWr.225
41019.440000 0.100000 0.100000 1 2 1 13 0 0 0 0 61BaDiLaWr.226
41019.460000 0.200000 0.200000 1 2 1 13 0 0 0 0 61BaDiLaWr.227
41019.510000 0.100000 0.100000 1 2 1 13 0 0 0 0 61BaDiLaWr.228
41040.500000 0.100000 0.100000 1 2 1 14 0 0 0 0 61BaDiLaWr.229
41040.700000 0.200000 0.200000 1 2 1 14 0 0 0 0 61BaDiLaWr.230
41040.670000 0.100000 0.100000 1 2 1 14 0 0 0 0 61BaDiLaWr.231
41063.070000 0.100000 0.100000 1 2 1 15 0 0 0 0 61BaDiLaWr.232
41063.330000 0.200000 0.200000 1 2 1 15 0 0 0 0 61BaDiLaWr.233
41063.270000 0.100000 0.100000 1 2 1 15 0 0 0 0 61BaDiLaWr.234
41086.980000 0.100000 0.100000 1 2 1 16 0 0 0 0 61BaDiLaWr.235
41087.410000 0.200000 0.200000 1 2 1 16 0 0 0 0 61BaDiLaWr.236
41087.300000 0.100000 0.100000 1 2 1 16 0 0 0 0 61BaDiLaWr.237
41112.110000 0.100000 0.100000 1 2 1 17 0 0 0 0 61BaDiLaWr.238
41112.580000 0.200000 0.200000 1 2 1 17 0 0 0 0 61BaDiLaWr.239
41112.580000 0.100000 0.100000 1 2 1 17 0 0 0 0 61BaDiLaWr.240
41138.340000 0.100000 0.100000 1 2 1 18 0 0 0 0 61BaDiLaWr.241
41139.250000 0.100000 0.100000 1 2 1 18 0 0 0 0 61BaDiLaWr.242
41139.330000 0.100000 0.100000 1 2 1 18 0 0 0 0 61BaDiLaWr.243
41165.200000 0.100000 0.100000 1 2 1 19 0 0 0 0 61BaDiLaWr.244
41167.160000 0.200000 0.200000 1 2 1 19 0 0 0 0 61BaDiLaWr.245
41166.940000 0.100000 0.100000 1 2 1 19 0 0 0 0 61BaDiLaWr.246
41192.130000 0.100000 0.100000 1 2 1 20 0 0 0 0 61BaDiLaWr.247
41195.740000 0.100000 0.100000 1 2 1 20 0 0 0 0 61BaDiLaWr.248
41195.840000 0.100000 0.100000 1 2 1 20 0 0 0 0 61BaDiLaWr.249
41224.750000 0.100000 0.100000 1 2 1 21 0 0 0 0 61BaDiLaWr.250
41224.870000 0.100000 0.100000 1 2 1 21 0 0 0 0 61BaDiLaWr.251
41271.260000 0.200000 0.200000 1 2 1 22 0 0 0 0 61BaDiLaWr.252
41253.930000 0.100000 0.100000 1 2 1 22 0 0 0 0 61BaDiLaWr.253
41253.850000 0.100000 0.100000 1 2 1 22 0 0 0 0 61BaDiLaWr.254
41304.010000 0.100000 0.100000 1 2 1 23 0 0 0 0 61BaDiLaWr.255
41397.590000 0.100000 0.100000 1 2 1 25 0 0 0 0 61BaDiLaWr.256
41431.100000 0.100000 0.100000 1 2 1 26 0 0 0 0 61BaDiLaWr.257
41467.360000 0.100000 0.100000 1 2 1 27 0 0 0 0 61BaDiLaWr.258
41506.760000 0.100000 0.100000 1 2 1 28 0 0 0 0 61BaDiLaWr.259
41549.350000 0.100000 0.100000 1 2 1 29 0 0 0 0 61BaDiLaWr.260
41594.630000 0.100000 0.100000 1 2 1 30 0 0 0 0 61BaDiLaWr.261
41641.130000 0.100000 0.100000 1 2 1 31 0 0 0 0 61BaDiLaWr.262
41689.540000 0.100000 0.100000 1 2 1 32 0 0 0 0 61BaDiLaWr.263
39834.500000 0.200000 0.200000 1 1 1 1 0 0 0 0 61BaDiLaWr.264
39834.650000 0.200000 0.200000 1 1 1 1 0 0 0 0 61BaDiLaWr.265
39908.350000 0.200000 0.200000 7 1 3 1 0 0 0 0 61BaDiLaWr.266
39908.270000 0.100000 0.100000 7 1 3 1 0 0 0 0 61BaDiLaWr.267
39908.230000 0.100000 0.100000 7 1 2 1 0 0 0 0 61BaDiLaWr.268
39837.380000 0.200000 0.200000 1 1 1 2 0 0 0 0 61BaDiLaWr.269
39837.350000 0.200000 0.200000 1 1 1 2 0 0 0 0 61BaDiLaWr.270
39910.920000 0.200000 0.200000 7 1 3 2 0 0 0 0 61BaDiLaWr.271
39910.960000 0.100000 0.100000 7 1 3 2 0 0 0 0 61BaDiLaWr.272
39910.730000 0.100000 0.100000 7 1 2 2 0 0 0 0 61BaDiLaWr.273
39837.530000 0.100000 0.100000 1 1 1 2 0 0 0 0 61BaDiLaWr.274
39841.890000 0.100000 0.100000 1 1 1 3 0 0 0 0 61BaDiLaWr.275
39841.930000 0.100000 0.100000 1 1 1 3 0 0 0 0 61BaDiLaWr.276
39914.980000 0.200000 0.200000 7 1 3 3 0 0 0 0 61BaDiLaWr.277
39914.970000 0.100000 0.100000 7 1 3 3 0 0 0 0 61BaDiLaWr.278
39914.610000 0.100000 0.100000 7 1 2 3 0 0 0 0 61BaDiLaWr.279
39841.980000 0.100000 0.100000 1 1 1 3 0 0 0 0 61BaDiLaWr.280
39847.830000 0.200000 0.200000 1 1 1 4 0 0 0 0 61BaDiLaWr.281
39847.780000 0.200000 0.200000 1 1 1 4 0 0 0 0 61BaDiLaWr.282
39920.400000 0.200000 0.200000 7 1 3 4 0 0 0 0 61BaDiLaWr.283
39920.330000 0.100000 0.100000 7 1 3 4 0 0 0 0 61BaDiLaWr.284
39919.710000 0.100000 0.100000 7 1 2 4 0 0 0 0 61BaDiLaWr.285
39847.880000 0.100000 0.100000 1 1 1 4 0 0 0 0 61BaDiLaWr.286
39855.030000 0.200000 0.200000 1 1 1 5 0 0 0 0 61BaDiLaWr.287
39855.090000 0.100000 0.100000 1 1 1 5 0 0 0 0 61BaDiLaWr.288
39926.930000 0.200000 0.200000 7 1 3 5 0 0 0 0 61BaDiLaWr.289
39927.080000 0.100000 0.100000 7 1 3 5 0 0 0 0 61BaDiLaWr.290
39926.180000 0.200000 0.200000 7 1 2 5 0 0 0 0 61BaDiLaWr.291
39855.290000 0.100000 0.100000 1 1 1 5 0 0 0 0 61BaDiLaWr.292
39863.870000 0.200000 0.200000 1 1 1 6 0 0 0 0 61BaDiLaWr.293
39863.970000 0.100000 0.100000 1 1 1 6 0 0 0 0 61BaDiLaWr.294
39935.100000 0.200000 0.200000 7 1 3 6 0 0 0 0 61BaDiLaWr.295
39935.050000 0.100000 0.100000 7 1 3 6 0 0 0 0 61BaDiLaWr.296
39933.780000 0.200000 0.200000 7 1 2 6 0 0 0 0 61BaDiLaWr.297
39864.080000 0.200000 0.200000 1 1 1 6 0 0 0 0 61BaDiLaWr.298
39874.140000 0.200000 0.200000 1 1 1 7 0 0 0 0 61BaDiLaWr.299
39874.090000 0.100000 0.100000 1 1 1 7 0 0 0 0 61BaDiLaWr.300
39944.400000 0.200000 0.200000 7 1 3 7 0 0 0 0 61BaDiLaWr.301
39944.420000 0.200000 0.200000 7 1 3 7 0 0 0 0 61BaDiLaWr.302
39942.750000 0.200000 0.200000 7 1 2 7 0 0 0 0 61BaDiLaWr.303
39874.440000 0.100000 0.100000 1 1 1 7 0 0 0 0 61BaDiLaWr.304
39885.570000 0.200000 0.200000 1 1 1 8 0 0 0 0 61BaDiLaWr.305
39885.690000 0.100000 0.100000 1 1 1 8 0 0 0 0 61BaDiLaWr.306
39955.040000 0.200000 0.200000 7 1 3 8 0 0 0 0 61BaDiLaWr.307
39955.160000 0.100000 0.100000 7 1 3 8 0 0 0 0 61BaDiLaWr.308
39953.070000 0.200000 0.200000 7 1 2 8 0 0 0 0 61BaDiLaWr.309
39886.230000 0.100000 0.100000 1 1 1 8 0 0 0 0 61BaDiLaWr.310
39898.640000 0.200000 0.200000 1 1 1 9 0 0 0 0 61BaDiLaWr.311
39898.700000 0.100000 0.100000 1 1 1 9 0 0 0 0 61BaDiLaWr.312
39967.170000 0.200000 0.200000 7 1 3 9 0 0 0 0 61BaDiLaWr.313
39967.260000 0.100000 0.100000 7 1 3 9 0 0 0 0 61BaDiLaWr.314
39964.720000 0.100000 0.100000 7 1 2 9 0 0 0 0 61BaDiLaWr.315
39899.410000 0.100000 0.100000 1 1 1 9 0 0 0 0 61BaDiLaWr.316
39912.890000 0.200000 0.200000 1 1 1 10 0 0 0 0 61BaDiLaWr.317
39912.950000 0.100000 0.100000 1 1 1 10 0 0 0 0 61BaDiLaWr.318
39980.640000 0.100000 0.100000 7 1 3 10 0 0 0 0 61BaDiLaWr.319
39980.640000 0.100000 0.100000 7 1 3 10 0 0 0 0 61BaDiLaWr.320
39977.630000 0.100000 0.100000 7 1 2 10 0 0 0 0 61BaDiLaWr.321
39914.000000 0.100000 0.100000 1 1 1 10 0 0 0 0 61BaDiLaWr.322
39928.550000 0.200000 0.200000 1 1 1 11 0 0 0 0 61BaDiLaWr.323
39928.490000 0.100000 0.100000 1 1 1 11 0 0 0 0 61BaDiLaWr.324
39995.580000 0.100000 0.100000 7 1 3 11 0 0 0 0 61BaDiLaWr.325
39995.460000 0.200000 0.200000 7 1 3 11 0 0 0 0 61BaDiLaWr.326
39992.060000 0.200000 0.200000 7 1 2 11 0 0 0 0 61BaDiLaWr.327
39929.890000 0.200000 0.200000 1 1 1 11 0 0 0 0 61BaDiLaWr.328
39945.230000 0.100000 0.100000 1 1 1 12 0 0 0 0 61BaDiLaWr.329
39945.240000 0.100000 0.100000 1 1 1 12 0 0 0 0 61BaDiLaWr.330
40011.610000 0.100000 0.100000 7 1 3 12 0 0 0 0 61BaDiLaWr.331
40011.650000 0.100000 0.100000 7 1 3 12 0 0 0 0 61BaDiLaWr.332
40007.770000 0.100000 0.100000 7 1 2 12 0 0 0 0 61BaDiLaWr.333
39947.290000 0.200000 0.200000 1 1 1 12 0 0 0 0 61BaDiLaWr.334
39982.030000 0.100000 0.100000 1 1 1 14 0 0 0 0 61BaDiLaWr.335
39982.020000 0.100000 0.100000 1 1 1 14 0 0 0 0 61BaDiLaWr.336
40048.130000 0.200000 0.200000 7 1 3 14 0 0 0 0 61BaDiLaWr.337
40048.110000 0.100000 0.100000 7 1 3 14 0 0 0 0 61BaDiLaWr.338
40043.600000 0.200000 0.200000 7 1 2 14 0 0 0 0 61BaDiLaWr.339
39985.760000 0.200000 0.200000 1 1 1 14 0 0 0 0 61BaDiLaWr.340
40001.830000 0.100000 0.100000 1 1 1 15 0 0 0 0 61BaDiLaWr.341
40001.780000 0.200000 0.200000 1 1 1 15 0 0 0 0 61BaDiLaWr.342
40068.530000 0.100000 0.100000 7 1 3 15 0 0 0 0 61BaDiLaWr.343
40068.470000 0.100000 0.100000 7 1 3 15 0 0 0 0 61BaDiLaWr.344
40063.820000 0.100000 0.100000 7 1 2 15 0 0 0 0 61BaDiLaWr.345
40006.940000 0.100000 0.100000 1 1 1 15 0 0 0 0 61BaDiLaWr.346
40022.390000 0.100000 0.100000 1 1 1 16 0 0 0 0 61BaDiLaWr.347
40022.500000 0.200000 0.200000 1 1 1 16 0 0 0 0 61BaDiLaWr.348
40090.270000 0.200000 0.200000 7 1 3 16 0 0 0 0 61BaDiLaWr.349
40090.350000 0.100000 0.100000 7 1 3 16 0 0 0 0 61BaDiLaWr.350
40085.490000 0.100000 0.100000 7 1 2 16 0 0 0 0 61BaDiLaWr.351
40029.300000 0.100000 0.100000 1 1 1 16 0 0 0 0 61BaDiLaWr.352
40044.210000 0.200000 0.200000 1 1 1 17 0 0 0 0 61BaDiLaWr.353
40044.070000 0.100000 0.100000 1 1 1 17 0 0 0 0 61BaDiLaWr.354
40113.540000 0.100000 0.100000 7 1 3 17 0 0 0 0 61BaDiLaWr.355
40113.590000 0.100000 0.100000 7 1 3 17 0 0 0 0 61BaDiLaWr.356
40108.840000 0.100000 0.100000 7 1 2 17 0 0 0 0 61BaDiLaWr.357
40052.650000 0.100000 0.100000 1 1 1 17 0 0 0 0 61BaDiLaWr.358
40066.480000 0.200000 0.200000 1 1 1 18 0 0 0 0 61BaDiLaWr.359
40066.380000 0.100000 0.100000 1 1 1 18 0 0 0 0 61BaDiLaWr.360
40138.440000 0.100000 0.100000 7 1 3 18 0 0 0 0 61BaDiLaWr.361
40138.430000 0.100000 0.100000 7 1 3 18 0 0 0 0 61BaDiLaWr.362
40133.940000 0.200000 0.200000 7 1 2 18 0 0 0 0 61BaDiLaWr.363
40077.240000 0.200000 0.200000 1 1 1 18 0 0 0 0 61BaDiLaWr.364
40089.770000 0.100000 0.100000 1 1 1 19 0 0 0 0 61BaDiLaWr.365
40089.690000 0.100000 0.100000 1 1 1 19 0 0 0 0 61BaDiLaWr.366
40164.890000 0.200000 0.200000 7 1 3 19 0 0 0 0 61BaDiLaWr.367
40165.000000 0.200000 0.200000 7 1 3 19 0 0 0 0 61BaDiLaWr.368
40160.580000 0.100000 0.100000 7 1 2 19 0 0 0 0 61BaDiLaWr.369
40102.770000 0.100000 0.100000 1 1 1 19 0 0 0 0 61BaDiLaWr.370
40113.800000 0.200000 0.200000 1 1 1 20 0 0 0 0 61BaDiLaWr.371
40113.950000 0.200000 0.200000 1 1 1 20 0 0 0 0 61BaDiLaWr.372
40192.870000 0.200000 0.200000 7 1 3 20 0 0 0 0 61BaDiLaWr.373
40192.930000 0.100000 0.100000 7 1 3 20 0 0 0 0 61BaDiLaWr.374
40189.040000 0.100000 0.100000 7 1 2 20 0 0 0 0 61BaDiLaWr.375
40129.240000 0.100000 0.100000 1 1 1 20 0 0 0 0 61BaDiLaWr.376
40165.450000 0.100000 0.100000 1 1 1 22 0 0 0 0 61BaDiLaWr.377
40165.500000 0.100000 0.100000 1 1 1 22 0 0 0 0 61BaDiLaWr.378
40154.000000 0.100000 0.100000 7 1 3 22 0 0 0 0 61BaDiLaWr.379
40154.120000 0.200000 0.200000 7 1 3 22 0 0 0 0 61BaDiLaWr.380
40151.120000 0.100000 0.100000 7 1 2 22 0 0 0 0 61BaDiLaWr.381
40192.730000 0.200000 0.200000 1 1 1 23 0 0 0 0 61BaDiLaWr.382
40192.670000 0.100000 0.100000 1 1 1 23 0 0 0 0 61BaDiLaWr.383
40187.190000 0.100000 0.100000 7 1 3 23 0 0 0 0 61BaDiLaWr.384
40187.190000 0.100000 0.100000 7 1 3 23 0 0 0 0 61BaDiLaWr.385
40184.920000 0.200000 0.200000 7 1 2 23 0 0 0 0 61BaDiLaWr.386
40221.230000 0.100000 0.100000 1 1 1 24 0 0 0 0 61BaDiLaWr.387
40221.120000 0.100000 0.100000 1 1 1 24 0 0 0 0 61BaDiLaWr.388
40276.810000 0.100000 0.100000 1 1 1 25 0 0 0 0 61BaDiLaWr.389
40309.290000 0.100000 0.100000 1 1 1 26 0 0 0 0 61BaDiLaWr.390
40443.440000 0.200000 0.200000 7 1 3 27 0 0 0 0 61BaDiLaWr.391
40342.950000 0.200000 0.200000 1 1 1 27 0 0 0 0 61BaDiLaWr.392
40481.580000 0.100000 0.100000 7 1 2 28 0 0 0 0 61BaDiLaWr.393
40376.550000 0.200000 0.200000 1 1 1 28 0 0 0 0 61BaDiLaWr.394
40524.080000 0.200000 0.200000 7 1 2 29 0 0 0 0 61BaDiLaWr.395
40411.540000 0.100000 0.100000 1 1 1 29 0 0 0 0 61BaDiLaWr.396
40568.780000 0.200000 0.200000 7 1 2 30 0 0 0 0 61BaDiLaWr.397
40615.290000 0.100000 0.100000 7 1 2 31 0 0 0 0 61BaDiLaWr.398
40663.410000 0.100000 0.100000 7 1 2 32 0 0 0 0 61BaDiLaWr.399
40713.040000 0.100000 0.100000 7 1 2 33 0 0 0 0 61BaDiLaWr.400
40763.860000 0.100000 0.100000 7 1 2 34 0 0 0 0 61BaDiLaWr.401
40815.920000 0.100000 0.100000 7 1 2 35 0 0 0 0 61BaDiLaWr.402
40869.010000 0.100000 0.100000 7 1 2 36 0 0 0 0 61BaDiLaWr.403
39162.020000 0.200000 0.200000 7 0 2 1 0 0 0 0 61BaDiLaWr.404
39164.350000 0.100000 0.100000 7 0 2 2 0 0 0 0 61BaDiLaWr.405
39168.170000 0.100000 0.100000 7 0 2 3 0 0 0 0 61BaDiLaWr.406
39167.430000 0.100000 0.100000 7 0 3 3 0 0 0 0 61BaDiLaWr.407
39171.890000 0.200000 0.200000 7 0 1 4 0 0 0 0 61BaDiLaWr.408
39171.560000 0.100000 0.100000 7 0 1 4 0 0 0 0 61BaDiLaWr.409
39172.970000 0.100000 0.100000 7 0 2 4 0 0 0 0 61BaDiLaWr.410
39171.990000 0.100000 0.100000 7 0 3 4 0 0 0 0 61BaDiLaWr.411
39171.890000 0.200000 0.200000 7 0 4 4 0 0 0 0 61BaDiLaWr.412
39177.480000 0.200000 0.200000 7 0 1 5 0 0 0 0 61BaDiLaWr.413
39177.740000 0.100000 0.100000 7 0 1 5 0 0 0 0 61BaDiLaWr.414
39179.230000 0.100000 0.100000 7 0 2 5 0 0 0 0 61BaDiLaWr.415
39177.530000 0.200000 0.200000 7 0 3 5 0 0 0 0 61BaDiLaWr.416
39177.480000 0.200000 0.200000 7 0 4 5 0 0 0 0 61BaDiLaWr.417
39184.890000 0.200000 0.200000 7 0 1 6 0 0 0 0 61BaDiLaWr.418
39184.570000 0.100000 0.100000 7 0 1 6 0 0 0 0 61BaDiLaWr.419
39186.570000 0.100000 0.100000 7 0 2 6 0 0 0 0 61BaDiLaWr.420
39184.870000 0.200000 0.200000 7 0 3 6 0 0 0 0 61BaDiLaWr.421
39184.890000 0.200000 0.200000 7 0 4 6 0 0 0 0 61BaDiLaWr.422
39193.520000 0.200000 0.200000 7 0 1 7 0 0 0 0 61BaDiLaWr.423
39193.920000 0.100000 0.100000 7 0 1 7 0 0 0 0 61BaDiLaWr.424
39195.030000 0.100000 0.100000 7 0 2 7 0 0 0 0 61BaDiLaWr.425
39193.530000 0.200000 0.200000 7 0 3 7 0 0 0 0 61BaDiLaWr.426
39193.520000 0.200000 0.200000 7 0 4 7 0 0 0 0 61BaDiLaWr.427
39203.200000 0.200000 0.200000 7 0 1 8 0 0 0 0 61BaDiLaWr.428
39202.880000 0.200000 0.200000 7 0 1 8 0 0 0 0 61BaDiLaWr.429
39204.880000 0.100000 0.100000 7 0 2 8 0 0 0 0 61BaDiLaWr.430
39203.340000 0.200000 0.200000 7 0 3 8 0 0 0 0 61BaDiLaWr.431
39203.200000 0.200000 0.200000 7 0 4 8 0 0 0 0 61BaDiLaWr.432
39214.110000 0.200000 0.200000 7 0 1 9 0 0 0 0 61BaDiLaWr.433
39214.090000 0.100000 0.100000 7 0 1 9 0 0 0 0 61BaDiLaWr.434
39215.930000 0.100000 0.100000 7 0 2 9 0 0 0 0 61BaDiLaWr.435
39214.280000 0.200000 0.200000 7 0 3 9 0 0 0 0 61BaDiLaWr.436
39214.110000 0.100000 0.100000 7 0 4 9 0 0 0 0 61BaDiLaWr.437
39226.530000 0.200000 0.200000 7 0 1 10 0 0 0 0 61BaDiLaWr.438
39226.750000 0.100000 0.100000 7 0 1 10 0 0 0 0 61BaDiLaWr.439
39228.230000 0.100000 0.100000 7 0 2 10 0 0 0 0 61BaDiLaWr.440
39226.540000 0.200000 0.200000 7 0 3 10 0 0 0 0 61BaDiLaWr.441
39226.530000 0.200000 0.200000 7 0 4 10 0 0 0 0 61BaDiLaWr.442
39239.960000 0.200000 0.200000 7 0 1 11 0 0 0 0 61BaDiLaWr.443
39239.900000 0.200000 0.200000 7 0 1 11 0 0 0 0 61BaDiLaWr.444
39241.730000 0.100000 0.100000 7 0 2 11 0 0 0 0 61BaDiLaWr.445
39240.070000 0.100000 0.100000 7 0 3 11 0 0 0 0 61BaDiLaWr.446
39239.960000 0.200000 0.200000 7 0 4 11 0 0 0 0 61BaDiLaWr.447
39254.640000 0.200000 0.200000 7 0 1 12 0 0 0 0 61BaDiLaWr.448
39254.880000 0.200000 0.200000 7 0 1 12 0 0 0 0 61BaDiLaWr.449
39256.550000 0.100000 0.100000 7 0 2 12 0 0 0 0 61BaDiLaWr.450
39254.750000 0.100000 0.100000 7 0 3 12 0 0 0 0 61BaDiLaWr.451
39254.640000 0.200000 0.200000 7 0 4 12 0 0 0 0 61BaDiLaWr.452
39270.640000 0.200000 0.200000 7 0 1 13 0 0 0 0 61BaDiLaWr.453
39270.560000 0.100000 0.100000 7 0 1 13 0 0 0 0 61BaDiLaWr.454
39272.540000 0.100000 0.100000 7 0 2 13 0 0 0 0 61BaDiLaWr.455
39270.650000 0.100000 0.100000 7 0 3 13 0 0 0 0 61BaDiLaWr.456
39270.640000 0.200000 0.200000 7 0 4 13 0 0 0 0 61BaDiLaWr.457
39287.770000 0.200000 0.200000 7 0 1 14 0 0 0 0 61BaDiLaWr.458
39287.820000 0.100000 0.100000 7 0 1 14 0 0 0 0 61BaDiLaWr.459
39289.840000 0.200000 0.200000 7 0 2 14 0 0 0 0 61BaDiLaWr.460
39287.820000 0.200000 0.200000 7 0 3 14 0 0 0 0 61BaDiLaWr.461
39287.770000 0.200000 0.200000 7 0 4 14 0 0 0 0 61BaDiLaWr.462
39306.070000 0.100000 0.100000 7 0 1 15 0 0 0 0 61BaDiLaWr.463
39306.210000 0.100000 0.100000 7 0 1 15 0 0 0 0 61BaDiLaWr.464
39309.040000 0.100000 0.100000 7 0 2 15 0 0 0 0 61BaDiLaWr.465
39307.030000 0.100000 0.100000 7 0 3 15 0 0 0 0 61BaDiLaWr.466
39307.030000 0.100000 0.100000 7 0 4 15 0 0 0 0 61BaDiLaWr.467
39325.570000 0.100000 0.100000 7 0 1 16 0 0 0 0 61BaDiLaWr.468
39325.730000 0.100000 0.100000 7 0 1 16 0 0 0 0 61BaDiLaWr.469
39327.330000 0.100000 0.100000 7 0 2 16 0 0 0 0 61BaDiLaWr.470
39346.680000 0.100000 0.100000 7 0 1 17 0 0 0 0 61BaDiLaWr.471
39346.590000 0.100000 0.100000 7 0 1 17 0 0 0 0 61BaDiLaWr.472
39348.300000 0.200000 0.200000 7 0 2 17 0 0 0 0 61BaDiLaWr.473
39368.690000 0.100000 0.100000 7 0 1 18 0 0 0 0 61BaDiLaWr.474
39370.510000 0.200000 0.200000 7 0 2 18 0 0 0 0 61BaDiLaWr.475
39393.650000 0.100000 0.100000 7 0 2 19 0 0 0 0 61BaDiLaWr.476
39418.280000 0.100000 0.100000 7 0 2 20 0 0 0 0 61BaDiLaWr.477
39444.070000 0.100000 0.100000 7 0 2 21 0 0 0 0 61BaDiLaWr.478
39471.080000 0.100000 0.100000 7 0 2 22 0 0 0 0 61BaDiLaWr.479
39499.290000 0.100000 0.100000 7 0 2 23 0 0 0 0 61BaDiLaWr.480
39528.690000 0.100000 0.100000 7 0 2 24 0 0 0 0 61BaDiLaWr.481
39559.380000 0.100000 0.100000 7 0 2 25 0 0 0 0 61BaDiLaWr.482
39591.130000 0.100000 0.100000 7 0 2 26 0 0 0 0 61BaDiLaWr.483
38615.070000 0.100000 0.100000 8 0 1 1 0 0 0 0 61BaDiLaWr.484
38615.050000 0.100000 0.100000 8 0 1 1 0 0 0 0 61BaDiLaWr.485
38614.980000 0.100000 0.100000 8 0 1 1 0 0 0 0 61BaDiLaWr.486
38617.650000 0.100000 0.100000 8 0 1 2 0 0 0 0 61BaDiLaWr.487
38617.590000 0.200000 0.200000 8 0 1 2 0 0 0 0 61BaDiLaWr.488
38617.700000 0.100000 0.100000 8 0 1 2 0 0 0 0 61BaDiLaWr.489
40114.950000 0.200000 0.200000 8 2 1 2 0 0 0 0 61BaDiLaWr.490
38621.290000 0.200000 0.200000 8 0 1 3 0 0 0 0 61BaDiLaWr.491
38621.250000 0.200000 0.200000 8 0 1 3 0 0 0 0 61BaDiLaWr.492
38621.310000 0.100000 0.100000 8 0 1 3 0 0 0 0 61BaDiLaWr.493
40118.750000 0.200000 0.200000 8 2 1 3 0 0 0 0 61BaDiLaWr.494
38626.420000 0.100000 0.100000 8 0 1 4 0 0 0 0 61BaDiLaWr.495
38626.160000 0.200000 0.200000 8 0 1 4 0 0 0 0 61BaDiLaWr.496
38626.340000 0.100000 0.100000 8 0 1 4 0 0 0 0 61BaDiLaWr.497
39385.200000 0.200000 0.200000 8 1 1 4 0 0 0 0 61BaDiLaWr.498
39385.180000 0.100000 0.100000 8 1 1 4 0 0 0 0 61BaDiLaWr.499
39384.870000 0.200000 0.200000 8 1 1 4 0 0 0 0 61BaDiLaWr.500
40123.430000 0.100000 0.100000 8 2 1 4 0 0 0 0 61BaDiLaWr.501
40123.660000 0.100000 0.100000 8 2 1 4 0 0 0 0 61BaDiLaWr.502
38632.580000 0.100000 0.100000 8 0 1 5 0 0 0 0 61BaDiLaWr.503
38632.690000 0.200000 0.200000 8 0 1 5 0 0 0 0 61BaDiLaWr.504
38632.590000 0.100000 0.100000 8 0 1 5 0 0 0 0 61BaDiLaWr.505
39391.110000 0.200000 0.200000 8 1 1 5 0 0 0 0 61BaDiLaWr.506
39391.380000 0.100000 0.100000 8 1 1 5 0 0 0 0 61BaDiLaWr.507
39391.050000 0.200000 0.200000 8 1 1 5 0 0 0 0 61BaDiLaWr.508
40129.530000 0.100000 0.100000 8 2 1 5 0 0 0 0 61BaDiLaWr.509
40129.660000 0.200000 0.200000 8 2 1 5 0 0 0 0 61BaDiLaWr.510
40129.690000 0.100000 0.100000 8 2 1 5 0 0 0 0 61BaDiLaWr.511
38640.090000 0.100000 0.100000 8 0 1 6 0 0 0 0 61BaDiLaWr.512
38640.090000 0.100000 0.100000 8 0 1 6 0 0 0 0 61BaDiLaWr.513
38640.080000 0.100000 0.100000 8 0 1 6 0 0 0 0 61BaDiLaWr.514
39398.570000 0.100000 0.100000 8 1 1 6 0 0 0 0 61BaDiLaWr.515
39398.590000 0.100000 0.100000 8 1 1 6 0 0 0 0 61BaDiLaWr.516
39398.300000 0.200000 0.200000 8 1 1 6 0 0 0 0 61BaDiLaWr.517
40136.900000 0.100000 0.100000 8 2 1 6 0 0 0 0 61BaDiLaWr.518
40136.780000 0.100000 0.100000 8 2 1 6 0 0 0 0 61BaDiLaWr.519
40136.920000 0.100000 0.100000 8 2 1 6 0 0 0 0 61BaDiLaWr.520
38648.920000 0.100000 0.100000 8 0 1 7 0 0 0 0 61BaDiLaWr.521
38648.850000 0.100000 0.100000 8 0 1 7 0 0 0 0 61BaDiLaWr.522
38648.820000 0.100000 0.100000 8 0 1 7 0 0 0 0 61BaDiLaWr.523
39406.950000 0.100000 0.100000 8 1 1 7 0 0 0 0 61BaDiLaWr.524
39407.160000 0.100000 0.100000 8 1 1 7 0 0 0 0 61BaDiLaWr.525
39406.760000 0.200000 0.200000 8 1 1 7 0 0 0 0 61BaDiLaWr.526
40145.310000 0.100000 0.100000 8 2 1 7 0 0 0 0 61BaDiLaWr.527
40145.210000 0.100000 0.100000 8 2 1 7 0 0 0 0 61BaDiLaWr.528
40145.280000 0.100000 0.100000 8 2 1 7 0 0 0 0 61BaDiLaWr.529
38658.830000 0.200000 0.200000 8 0 1 8 0 0 0 0 61BaDiLaWr.530
38658.830000 0.100000 0.100000 8 0 1 8 0 0 0 0 61BaDiLaWr.531
38658.760000 0.100000 0.100000 8 0 1 8 0 0 0 0 61BaDiLaWr.532
39416.830000 0.100000 0.100000 8 1 1 8 0 0 0 0 61BaDiLaWr.533
39416.830000 0.100000 0.100000 8 1 1 8 0 0 0 0 61BaDiLaWr.534
39416.650000 0.200000 0.200000 8 1 1 8 0 0 0 0 61BaDiLaWr.535
40154.960000 0.100000 0.100000 8 2 1 8 0 0 0 0 61BaDiLaWr.536
40154.820000 0.100000 0.100000 8 2 1 8 0 0 0 0 61BaDiLaWr.537
40155.030000 0.100000 0.100000 8 2 1 8 0 0 0 0 61BaDiLaWr.538
38670.070000 0.100000 0.100000 8 0 1 9 0 0 0 0 61BaDiLaWr.539
38670.200000 0.200000 0.200000 8 0 1 9 0 0 0 0 61BaDiLaWr.540
38670.020000 0.100000 0.100000 8 0 1 9 0 0 0 0 61BaDiLaWr.541
39427.790000 0.100000 0.100000 8 1 1 9 0 0 0 0 61BaDiLaWr.542
39427.680000 0.200000 0.200000 8 1 1 9 0 0 0 0 61BaDiLaWr.543
39427.830000 0.100000 0.100000 8 1 1 9 0 0 0 0 61BaDiLaWr.544
40165.890000 0.100000 0.100000 8 2 1 9 0 0 0 0 61BaDiLaWr.545
40165.930000 0.100000 0.100000 8 2 1 9 0 0 0 0 61BaDiLaWr.546
40166.050000 0.100000 0.100000 8 2 1 9 0 0 0 0 61BaDiLaWr.547
38682.490000 0.100000 0.100000 8 0 1 10 0 0 0 0 61BaDiLaWr.548
38682.540000 0.100000 0.100000 8 0 1 10 0 0 0 0 61BaDiLaWr.549
38682.540000 0.100000 0.100000 8 0 1 10 0 0 0 0 61BaDiLaWr.550
39440.040000 0.100000 0.100000 8 1 1 10 0 0 0 0 61BaDiLaWr.551
39440.130000 0.200000 0.200000 8 1 1 10 0 0 0 0 61BaDiLaWr.552
39440.020000 0.100000 0.100000 8 1 1 10 0 0 0 0 61BaDiLaWr.553
40177.970000 0.100000 0.100000 8 2 1 10 0 0 0 0 61BaDiLaWr.554
40177.900000 0.100000 0.100000 8 2 1 10 0 0 0 0 61BaDiLaWr.555
40177.980000 0.100000 0.100000 8 2 1 10 0 0 0 0 61BaDiLaWr.556
38696.290000 0.100000 0.100000 8 0 1 11 0 0 0 0 61BaDiLaWr.557
38696.260000 0.100000 0.100000 8 0 1 11 0 0 0 0 61BaDiLaWr.558
38696.220000 0.100000 0.100000 8 0 1 11 0 0 0 0 61BaDiLaWr.559
39453.470000 0.100000 0.100000 8 1 1 11 0 0 0 0 61BaDiLaWr.560
39453.490000 0.100000 0.100000 8 1 1 11 0 0 0 0 61BaDiLaWr.561
39453.400000 0.100000 0.100000 8 1 1 11 0 0 0 0 61BaDiLaWr.562
40191.210000 0.100000 0.100000 8 2 1 11 0 0 0 0 61BaDiLaWr.563
40191.310000 0.100000 0.100000 8 2 1 11 0 0 0 0 61BaDiLaWr.564
40191.320000 0.100000 0.100000 8 2 1 11 0 0 0 0 61BaDiLaWr.565
38711.220000 0.100000 0.100000 8 0 1 12 0 0 0 0 61BaDiLaWr.566
38711.180000 0.100000 0.100000 8 0 1 12 0 0 0 0 61BaDiLaWr.567
38711.290000 0.100000 0.100000 8 0 1 12 0 0 0 0 61BaDiLaWr.568
39468.160000 0.100000 0.100000 8 1 1 12 0 0 0 0 61BaDiLaWr.569
39468.110000 0.200000 0.200000 8 1 1 12 0 0 0 0 61BaDiLaWr.570
39468.000000 0.100000 0.100000 8 1 1 12 0 0 0 0 61BaDiLaWr.571
40205.730000 0.100000 0.100000 8 2 1 12 0 0 0 0 61BaDiLaWr.572
40205.860000 0.100000 0.100000 8 2 1 12 0 0 0 0 61BaDiLaWr.573
40205.710000 0.100000 0.100000 8 2 1 12 0 0 0 0 61BaDiLaWr.574
38727.350000 0.100000 0.100000 8 0 1 13 0 0 0 0 61BaDiLaWr.575
38727.440000 0.200000 0.200000 8 0 1 13 0 0 0 0 61BaDiLaWr.576
38727.460000 0.100000 0.100000 8 0 1 13 0 0 0 0 61BaDiLaWr.577
39484.020000 0.100000 0.100000 8 1 1 13 0 0 0 0 61BaDiLaWr.578
39484.090000 0.200000 0.200000 8 1 1 13 0 0 0 0 61BaDiLaWr.579
40221.510000 0.100000 0.100000 8 2 1 13 0 0 0 0 61BaDiLaWr.580
40221.490000 0.100000 0.100000 8 2 1 13 0 0 0 0 61BaDiLaWr.581
40221.590000 0.100000 0.100000 8 2 1 13 0 0 0 0 61BaDiLaWr.582
38744.810000 0.100000 0.100000 8 0 1 14 0 0 0 0 61BaDiLaWr.583
38744.880000 0.100000 0.100000 8 0 1 14 0 0 0 0 61BaDiLaWr.584
38744.840000 0.100000 0.100000 8 0 1 14 0 0 0 0 61BaDiLaWr.585
39501.050000 0.100000 0.100000 8 1 1 14 0 0 0 0 61BaDiLaWr.586
39501.110000 0.200000 0.200000 8 1 1 14 0 0 0 0 61BaDiLaWr.587
39501.190000 0.100000 0.100000 8 1 1 14 0 0 0 0 61BaDiLaWr.588
40238.440000 0.100000 0.100000 8 2 1 14 0 0 0 0 61BaDiLaWr.589
40238.490000 0.100000 0.100000 8 2 1 14 0 0 0 0 61BaDiLaWr.590
40238.490000 0.100000 0.100000 8 2 1 14 0 0 0 0 61BaDiLaWr.591
38763.470000 0.100000 0.100000 8 0 1 15 0 0 0 0 61BaDiLaWr.592
38763.550000 0.100000 0.100000 8 0 1 15 0 0 0 0 61BaDiLaWr.593
38763.480000 0.100000 0.100000 8 0 1 15 0 0 0 0 61BaDiLaWr.594
39519.400000 0.100000 0.100000 8 1 1 15 0 0 0 0 61BaDiLaWr.595
39519.480000 0.200000 0.200000 8 1 1 15 0 0 0 0 61BaDiLaWr.596
39519.300000 0.100000 0.100000 8 1 1 15 0 0 0 0 61BaDiLaWr.597
40256.680000 0.100000 0.100000 8 2 1 15 0 0 0 0 61BaDiLaWr.598
40256.720000 0.100000 0.100000 8 2 1 15 0 0 0 0 61BaDiLaWr.599
40256.690000 0.100000 0.100000 8 2 1 15 0 0 0 0 61BaDiLaWr.600
38783.410000 0.100000 0.100000 8 0 1 16 0 0 0 0 61BaDiLaWr.601
38783.400000 0.100000 0.100000 8 0 1 16 0 0 0 0 61BaDiLaWr.602
38783.390000 0.100000 0.100000 8 0 1 16 0 0 0 0 61BaDiLaWr.603
39538.890000 0.100000 0.100000 8 1 1 16 0 0 0 0 61BaDiLaWr.604
39539.140000 0.200000 0.200000 8 1 1 16 0 0 0 0 61BaDiLaWr.605
39538.970000 0.100000 0.100000 8 1 1 16 0 0 0 0 61BaDiLaWr.606
40275.610000 0.100000 0.100000 8 2 1 16 0 0 0 0 61BaDiLaWr.607
40275.600000 0.100000 0.100000 8 2 1 16 0 0 0 0 61BaDiLaWr.608
40275.570000 0.100000 0.100000 8 2 1 16 0 0 0 0 61BaDiLaWr.609
38804.620000 0.100000 0.100000 8 0 1 17 0 0 0 0 61BaDiLaWr.610
38804.560000 0.100000 0.100000 8 0 1 17 0 0 0 0 61BaDiLaWr.611
38804.600000 0.100000 0.100000 8 0 1 17 0 0 0 0 61BaDiLaWr.612
39559.620000 0.100000 0.100000 8 1 1 17 0 0 0 0 61BaDiLaWr.613
39559.620000 0.100000 0.100000 8 1 1 17 0 0 0 0 61BaDiLaWr.614
39559.700000 0.100000 0.100000 8 1 1 17 0 0 0 0 61BaDiLaWr.615
40296.340000 0.100000 0.100000 8 2 1 17 0 0 0 0 61BaDiLaWr.616
40296.380000 0.100000 0.100000 8 2 1 17 0 0 0 0 61BaDiLaWr.617
40296.280000 0.100000 0.100000 8 2 1 17 0 0 0 0 61BaDiLaWr.618
38826.920000 0.100000 0.100000 8 0 1 18 0 0 0 0 61BaDiLaWr.619
38826.840000 0.100000 0.100000 8 0 1 18 0 0 0 0 61BaDiLaWr.620
38826.900000 0.100000 0.100000 8 0 1 18 0 0 0 0 61BaDiLaWr.621
39581.740000 0.100000 0.100000 8 1 1 18 0 0 0 0 61BaDiLaWr.622
39581.860000 0.100000 0.100000 8 1 1 18 0 0 0 0 61BaDiLaWr.623
39581.730000 0.100000 0.100000 8 1 1 18 0 0 0 0 61BaDiLaWr.624
40318.160000 0.100000 0.100000 8 2 1 18 0 0 0 0 61BaDiLaWr.625
40318.170000 0.100000 0.100000 8 2 1 18 0 0 0 0 61BaDiLaWr.626
40318.020000 0.100000 0.100000 8 2 1 18 0 0 0 0 61BaDiLaWr.627
38850.480000 0.100000 0.100000 8 0 1 19 0 0 0 0 61BaDiLaWr.628
38850.500000 0.100000 0.100000 8 0 1 19 0 0 0 0 61BaDiLaWr.629
38850.450000 0.100000 0.100000 8 0 1 19 0 0 0 0 61BaDiLaWr.630
39604.720000 0.100000 0.100000 8 1 1 19 0 0 0 0 61BaDiLaWr.631
39605.030000 0.100000 0.100000 8 1 1 19 0 0 0 0 61BaDiLaWr.632
39604.750000 0.100000 0.100000 8 1 1 19 0 0 0 0 61BaDiLaWr.633
40341.130000 0.100000 0.100000 8 2 1 19 0 0 0 0 61BaDiLaWr.634
40340.860000 0.100000 0.100000 8 2 1 19 0 0 0 0 61BaDiLaWr.635
40340.960000 0.100000 0.100000 8 2 1 19 0 0 0 0 61BaDiLaWr.636
38875.290000 0.100000 0.100000 8 0 1 20 0 0 0 0 61BaDiLaWr.637
38875.250000 0.100000 0.100000 8 0 1 20 0 0 0 0 61BaDiLaWr.638
38875.310000 0.100000 0.100000 8 0 1 20 0 0 0 0 61BaDiLaWr.639
39628.250000 0.100000 0.100000 8 1 1 20 0 0 0 0 61BaDiLaWr.640
39629.180000 0.100000 0.100000 8 1 1 20 0 0 0 0 61BaDiLaWr.641
39629.190000 0.100000 0.100000 8 1 1 20 0 0 0 0 61BaDiLaWr.642
40365.330000 0.100000 0.100000 8 2 1 20 0 0 0 0 61BaDiLaWr.643
40365.370000 0.100000 0.100000 8 2 1 20 0 0 0 0 61BaDiLaWr.644
40365.120000 0.100000 0.100000 8 2 1 20 0 0 0 0 61BaDiLaWr.645
38901.380000 0.100000 0.100000 8 0 1 21 0 0 0 0 61BaDiLaWr.646
38901.380000 0.100000 0.100000 8 0 1 21 0 0 0 0 61BaDiLaWr.647
38901.420000 0.100000 0.100000 8 0 1 21 0 0 0 0 61BaDiLaWr.648
39654.770000 0.100000 0.100000 8 1 1 21 0 0 0 0 61BaDiLaWr.649
39654.980000 0.200000 0.200000 8 1 1 21 0 0 0 0 61BaDiLaWr.650
39654.770000 0.100000 0.100000 8 1 1 21 0 0 0 0 61BaDiLaWr.651
40390.610000 0.100000 0.100000 8 2 1 21 0 0 0 0 61BaDiLaWr.652
40390.670000 0.100000 0.100000 8 2 1 21 0 0 0 0 61BaDiLaWr.653
38928.650000 0.100000 0.100000 8 0 1 22 0 0 0 0 61BaDiLaWr.654
38928.600000 0.100000 0.100000 8 0 1 22 0 0 0 0 61BaDiLaWr.655
38928.620000 0.100000 0.100000 8 0 1 22 0 0 0 0 61BaDiLaWr.656
39681.430000 0.100000 0.100000 8 1 1 22 0 0 0 0 61BaDiLaWr.657
39681.690000 0.100000 0.100000 8 1 1 22 0 0 0 0 61BaDiLaWr.658
39681.580000 0.100000 0.100000 8 1 1 22 0 0 0 0 61BaDiLaWr.659
38957.060000 0.100000 0.100000 8 0 1 23 0 0 0 0 61BaDiLaWr.660
38957.090000 0.100000 0.100000 8 0 1 23 0 0 0 0 61BaDiLaWr.661
38957.080000 0.100000 0.100000 8 0 1 23 0 0 0 0 61BaDiLaWr.662
39709.620000 0.100000 0.100000 8 1 1 23 0 0 0 0 61BaDiLaWr.663
39709.520000 0.100000 0.100000 8 1 1 23 0 0 0 0 61BaDiLaWr.664
39709.650000 0.100000 0.100000 8 1 1 23 0 0 0 0 61BaDiLaWr.665
38986.810000 0.100000 0.100000 8 0 1 24 0 0 0 0 61BaDiLaWr.666
38986.790000 0.100000 0.100000 8 0 1 24 0 0 0 0 61BaDiLaWr.667
38986.710000 0.100000 0.100000 8 0 1 24 0 0 0 0 61BaDiLaWr.668
39738.830000 0.100000 0.100000 8 1 1 24 0 0 0 0 61BaDiLaWr.669
39738.750000 0.100000 0.100000 8 1 1 24 0 0 0 0 61BaDiLaWr.670
40474.010000 0.100000 0.100000 8 2 1 24 0 0 0 0 61BaDiLaWr.671
40474.000000 0.100000 0.100000 8 2 1 24 0 0 0 0 61BaDiLaWr.672
39017.690000 0.100000 0.100000 8 0 1 25 0 0 0 0 61BaDiLaWr.673
39017.640000 0.100000 0.100000 8 0 1 25 0 0 0 0 61BaDiLaWr.674
39017.560000 0.100000 0.100000 8 0 1 25 0 0 0 0 61BaDiLaWr.675
39769.240000 0.100000 0.100000 8 1 1 25 0 0 0 0 61BaDiLaWr.676
39769.200000 0.100000 0.100000 8 1 1 25 0 0 0 0 61BaDiLaWr.677
40504.190000 0.100000 0.100000 8 2 1 25 0 0 0 0 61BaDiLaWr.678
40504.190000 0.100000 0.100000 8 2 1 25 0 0 0 0 61BaDiLaWr.679
39049.770000 0.100000 0.100000 8 0 1 26 0 0 0 0 61BaDiLaWr.680
39049.630000 0.100000 0.100000 8 0 1 26 0 0 0 0 61BaDiLaWr.681
39800.910000 0.100000 0.100000 8 1 1 26 0 0 0 0 61BaDiLaWr.682
39801.040000 0.100000 0.100000 8 1 1 26 0 0 0 0 61BaDiLaWr.683
40535.730000 0.100000 0.100000 8 2 1 26 0 0 0 0 61BaDiLaWr.684
40535.830000 0.100000 0.100000 8 2 1 26 0 0 0 0 61BaDiLaWr.685
39083.210000 0.100000 0.100000 8 0 1 27 0 0 0 0 61BaDiLaWr.686
39083.050000 0.100000 0.100000 8 0 1 27 0 0 0 0 61BaDiLaWr.687
39833.790000 0.100000 0.100000 8 1 1 27 0 0 0 0 61BaDiLaWr.688
39833.810000 0.100000 0.100000 8 1 1 27 0 0 0 0 61BaDiLaWr.689
40568.280000 0.100000 0.100000 8 2 1 27 0 0 0 0 61BaDiLaWr.690
40568.230000 0.100000 0.100000 8 2 1 27 0 0 0 0 61BaDiLaWr.691
39117.620000 0.100000 0.100000 8 0 1 28 0 0 0 0 61BaDiLaWr.692
39117.730000 0.100000 0.100000 8 0 1 28 0 0 0 0 61BaDiLaWr.693
39867.910000 0.100000 0.100000 8 1 1 28 0 0 0 0 61BaDiLaWr.694
39867.750000 0.100000 0.100000 8 1 1 28 0 0 0 0 61BaDiLaWr.695
40602.110000 0.100000 0.100000 8 2 1 28 0 0 0 0 61BaDiLaWr.696
40602.240000 0.100000 0.100000 8 2 1 28 0 0 0 0 61BaDiLaWr.697
39153.440000 0.100000 0.100000 8 0 1 29 0 0 0 0 61BaDiLaWr.698
39153.530000 0.100000 0.100000 8 0 1 29 0 0 0 0 61BaDiLaWr.699
39903.020000 0.100000 0.100000 8 1 1 29 0 0 0 0 61BaDiLaWr.700
39903.270000 0.100000 0.100000 8 1 1 29 0 0 0 0 61BaDiLaWr.701
40637.170000 0.100000 0.100000 8 2 1 29 0 0 0 0 61BaDiLaWr.702
40637.220000 0.100000 0.100000 8 2 1 29 0 0 0 0 61BaDiLaWr.703
39939.560000 0.100000 0.100000 8 1 1 30 0 0 0 0 61BaDiLaWr.704
40673.700000 0.100000 0.100000 8 2 1 30 0 0 0 0 61BaDiLaWr.705
40673.580000 0.100000 0.100000 8 2 1 30 0 0 0 0 61BaDiLaWr.706
40630.450000 0.100000 0.100000 8 2 1 31 0 0 0 0 61BaDiLaWr.707
27585.370000 0.020000 0.020000 2 0 1 1 0 0 0 0 77CoHoRo.1
27586.830000 0.020000 0.020000 2 0 1 2 0 0 0 1 77CoHoRo.2
27588.250000 0.020000 0.020000 2 0 1 3 0 0 0 2 77CoHoRo.3
27589.610000 0.020000 0.020000 2 0 1 4 0 0 0 3 77CoHoRo.4
27590.850000 0.020000 0.020000 2 0 1 5 0 0 0 4 77CoHoRo.5
27592.090000 0.020000 0.020000 2 0 1 6 0 0 0 5 77CoHoRo.6
27593.210000 0.020000 0.020000 2 0 1 7 0 0 0 6 77CoHoRo.7
27594.280000 0.020000 0.020000 2 0 1 8 0 0 0 7 77CoHoRo.8
27595.250000 0.020000 0.020000 2 0 1 9 0 0 0 8 77CoHoRo.9
27596.170000 0.020000 0.020000 2 0 1 10 0 0 0 9 77CoHoRo.10
27597.010000 0.020000 0.020000 2 0 1 11 0 0 0 10 77CoHoRo.11
27597.780000 0.020000 0.020000 2 0 1 12 0 0 0 11 77CoHoRo.12
27598.470000 0.020000 0.020000 2 0 1 13 0 0 0 12 77CoHoRo.13
27599.090000 0.020000 0.020000 2 0 1 14 0 0 0 13 77CoHoRo.14
27599.670000 0.020000 0.020000 2 0 1 15 0 0 0 14 77CoHoRo.15
27600.120000 0.020000 0.020000 2 0 1 16 0 0 0 15 77CoHoRo.16
27600.520000 0.020000 0.020000 2 0 1 17 0 0 0 16 77CoHoRo.17
27600.880000 0.020000 0.020000 2 0 1 18 0 0 0 17 77CoHoRo.18
27601.150000 0.020000 0.020000 2 0 1 19 0 0 0 18 77CoHoRo.19
27601.380000 0.020000 0.020000 2 0 1 20 0 0 0 19 77CoHoRo.20
27601.420000 0.020000 0.020000 2 0 1 21 0 0 0 20 77CoHoRo.21
27601.420000 0.020000 0.020000 2 0 1 22 0 0 0 21 77CoHoRo.22
27601.420000 0.020000 0.020000 2 0 1 23 0 0 0 22 77CoHoRo.23
27601.380000 0.020000 0.020000 2 0 1 24 0 0 0 23 77CoHoRo.24
27601.150000 0.020000 0.020000 2 0 1 25 0 0 0 24 77CoHoRo.25
27600.880000 0.020000 0.020000 2 0 1 26 0 0 0 25 77CoHoRo.26
27600.520000 0.020000 0.020000 2 0 1 27 0 0 0 26 77CoHoRo.27
27600.120000 0.020000 0.020000 2 0 1 28 0 0 0 27 77CoHoRo.28
27599.670000 0.020000 0.020000 2 0 1 29 0 0 0 28 77CoHoRo.29
27599.090000 0.020000 0.020000 2 0 1 30 0 0 0 29 77CoHoRo.30
27598.470000 0.020000 0.020000 2 0 1 31 0 0 0 30 77CoHoRo.31
27597.780000 0.020000 0.020000 2 0 1 32 0 0 0 31 77CoHoRo.32
27597.010000 0.020000 0.020000 2 0 1 33 0 0 0 32 77CoHoRo.33
27583.750000 0.020000 0.020000 2 0 1 1 0 0 0 1 77CoHoRo.34
27583.620000 0.020000 0.020000 2 0 1 2 0 0 0 2 77CoHoRo.35
27583.390000 0.020000 0.020000 2 0 1 3 0 0 0 3 77CoHoRo.36
27583.090000 0.020000 0.020000 2 0 1 4 0 0 0 4 77CoHoRo.37
27582.730000 0.020000 0.020000 2 0 1 5 0 0 0 5 77CoHoRo.38
27582.300000 0.020000 0.020000 2 0 1 6 0 0 0 6 77CoHoRo.39
27581.790000 0.020000 0.020000 2 0 1 7 0 0 0 7 77CoHoRo.40
27581.220000 0.020000 0.020000 2 0 1 8 0 0 0 8 77CoHoRo.41
27580.570000 0.020000 0.020000 2 0 1 9 0 0 0 9 77CoHoRo.42
27579.850000 0.020000 0.020000 2 0 1 10 0 0 0 10 77CoHoRo.43
27579.060000 0.020000 0.020000 2 0 1 11 0 0 0 11 77CoHoRo.44
27578.200000 0.020000 0.020000 2 0 1 12 0 0 0 12 77CoHoRo.45
27577.270000 0.020000 0.020000 2 0 1 13 0 0 0 13 77CoHoRo.46
27576.260000 0.020000 0.020000 2 0 1 14 0 0 0 14 77CoHoRo.47
27575.180000 0.020000 0.020000 2 0 1 15 0 0 0 15 77CoHoRo.48
27574.030000 0.020000 0.020000 2 0 1 16 0 0 0 16 77CoHoRo.49
27572.820000 0.020000 0.020000 2 0 1 17 0 0 0 17 77CoHoRo.50
27571.540000 0.020000 0.020000 2 0 1 18 0 0 0 18 77CoHoRo.51
27570.150000 0.020000 0.020000 2 0 1 19 0 0 0 19 77CoHoRo.52
27568.710000 0.020000 0.020000 2 0 1 20 0 0 0 20 77CoHoRo.53
27567.200000 0.020000 0.020000 2 0 1 21 0 0 0 21 77CoHoRo.54
27565.610000 0.020000 0.020000 2 0 1 22 0 0 0 22 77CoHoRo.55
27563.950000 0.020000 0.020000 2 0 1 23 0 0 0 23 77CoHoRo.56
27562.210000 0.020000 0.020000 2 0 1 24 0 0 0 24 77CoHoRo.57
27560.420000 0.020000 0.020000 2 0 1 25 0 0 0 25 77CoHoRo.58
27558.540000 0.020000 0.020000 2 0 1 26 0 0 0 26 77CoHoRo.59
27556.600000 0.020000 0.020000 2 0 1 27 0 0 0 27 77CoHoRo.60
27554.530000 0.020000 0.020000 2 0 1 28 0 0 0 28 77CoHoRo.61
27552.500000 0.020000 0.020000 2 0 1 29 0 0 0 29 77CoHoRo.62
27550.310000 0.020000 0.020000 2 0 1 30 0 0 0 30 77CoHoRo.63
27548.070000 0.020000 0.020000 2 0 1 31 0 0 0 31 77CoHoRo.64
27545.770000 0.020000 0.020000 2 0 1 32 0 0 0 32 77CoHoRo.65
27543.380000 0.020000 0.020000 2 0 1 33 0 0 0 33 77CoHoRo.66
27540.880000 0.020000 0.020000 2 0 1 34 0 0 0 34 77CoHoRo.67
27538.350000 0.020000 0.020000 2 0 1 35 0 0 0 35 77CoHoRo.68
27535.730000 0.020000 0.020000 2 0 1 36 0 0 0 36 77CoHoRo.69
27533.050000 0.020000 0.020000 2 0 1 37 0 0 0 37 77CoHoRo.70
27530.390000 0.020000 0.020000 2 0 1 38 0 0 0 38 77CoHoRo.71
27580.500000 0.020000 0.020000 2 0 1 1 0 0 0 2 77CoHoRo.72
27578.720000 0.020000 0.020000 2 0 1 2 0 0 0 3 77CoHoRo.73
27576.880000 0.020000 0.020000 2 0 1 3 0 0 0 4 77CoHoRo.74
27574.940000 0.020000 0.020000 2 0 1 4 0 0 0 5 77CoHoRo.75
27572.820000 0.020000 0.020000 2 0 1 5 0 0 0 6 77CoHoRo.76
27570.850000 0.020000 0.020000 2 0 1 6 0 0 0 7 77CoHoRo.77
27568.710000 0.020000 0.020000 2 0 1 7 0 0 0 8 77CoHoRo.78
27566.510000 0.020000 0.020000 2 0 1 8 0 0 0 9 77CoHoRo.79
27564.220000 0.020000 0.020000 2 0 1 9 0 0 0 10 77CoHoRo.80
27561.880000 0.020000 0.020000 2 0 1 10 0 0 0 11 77CoHoRo.81
27559.450000 0.020000 0.020000 2 0 1 11 0 0 0 12 77CoHoRo.82
27556.950000 0.020000 0.020000 2 0 1 12 0 0 0 13 77CoHoRo.83
27554.410000 0.020000 0.020000 2 0 1 13 0 0 0 14 77CoHoRo.84
27551.750000 0.020000 0.020000 2 0 1 14 0 0 0 15 77CoHoRo.85
27549.040000 0.020000 0.020000 2 0 1 15 0 0 0 16 77CoHoRo.86
27546.240000 0.020000 0.020000 2 0 1 16 0 0 0 17 77CoHoRo.87
27543.380000 0.020000 0.020000 2 0 1 17 0 0 0 18 77CoHoRo.88
27540.470000 0.020000 0.020000 2 0 1 18 0 0 0 19 77CoHoRo.89
27537.460000 0.020000 0.020000 2 0 1 19 0 0 0 20 77CoHoRo.90
27534.390000 0.020000 0.020000 2 0 1 20 0 0 0 21 77CoHoRo.91
27531.230000 0.020000 0.020000 2 0 1 21 0 0 0 22 77CoHoRo.92
27528.030000 0.020000 0.020000 2 0 1 22 0 0 0 23 77CoHoRo.93
27524.750000 0.020000 0.020000 2 0 1 23 0 0 0 24 77CoHoRo.94
27521.380000 0.020000 0.020000 2 0 1 24 0 0 0 25 77CoHoRo.95
27517.940000 0.020000 0.020000 2 0 1 25 0 0 0 26 77CoHoRo.96
27514.420000 0.020000 0.020000 2 0 1 26 0 0 0 27 77CoHoRo.97
27510.890000 0.020000 0.020000 2 0 1 27 0 0 0 28 77CoHoRo.98
27507.200000 0.020000 0.020000 2 0 1 28 0 0 0 29 77CoHoRo.99
27503.540000 0.020000 0.020000 2 0 1 29 0 0 0 30 77CoHoRo.100
27499.740000 0.020000 0.020000 2 0 1 30 0 0 0 31 77CoHoRo.101
27495.870000 0.020000 0.020000 2 0 1 31 0 0 0 32 77CoHoRo.102
27491.940000 0.020000 0.020000 2 0 1 32 0 0 0 33 77CoHoRo.103
27488.020000 0.020000 0.020000 2 0 1 33 0 0 0 34 77CoHoRo.104
27483.830000 0.020000 0.020000 2 0 1 34 0 0 0 35 77CoHoRo.105
26313.180000 0.020000 0.020000 2 0 1 1 0 1 0 0 77CoHoRo.106
26314.770000 0.020000 0.020000 2 0 1 2 0 1 0 1 77CoHoRo.107
26316.210000 0.020000 0.020000 2 0 1 3 0 1 0 2 77CoHoRo.108
26317.560000 0.020000 0.020000 2 0 1 4 0 1 0 3 77CoHoRo.109
26318.840000 0.020000 0.020000 2 0 1 5 0 1 0 4 77CoHoRo.110
26320.040000 0.020000 0.020000 2 0 1 6 0 1 0 5 77CoHoRo.111
26321.320000 0.020000 0.020000 2 0 1 7 0 1 0 6 77CoHoRo.112
26322.430000 0.020000 0.020000 2 0 1 8 0 1 0 7 77CoHoRo.113
26323.540000 0.020000 0.020000 2 0 1 9 0 1 0 8 77CoHoRo.114
26324.420000 0.020000 0.020000 2 0 1 10 0 1 0 9 77CoHoRo.115
26325.470000 0.020000 0.020000 2 0 1 11 0 1 0 10 77CoHoRo.116
26326.400000 0.020000 0.020000 2 0 1 12 0 1 0 11 77CoHoRo.117
26327.200000 0.020000 0.020000 2 0 1 13 0 1 0 12 77CoHoRo.118
26328.040000 0.020000 0.020000 2 0 1 14 0 1 0 13 77CoHoRo.119
26328.710000 0.020000 0.020000 2 0 1 15 0 1 0 14 77CoHoRo.120
26329.430000 0.020000 0.020000 2 0 1 16 0 1 0 15 77CoHoRo.121
26330.010000 0.020000 0.020000 2 0 1 17 0 1 0 16 77CoHoRo.122
26330.590000 0.020000 0.020000 2 0 1 18 0 1 0 17 77CoHoRo.123
26330.960000 0.020000 0.020000 2 0 1 19 0 1 0 18 77CoHoRo.124
26331.420000 0.020000 0.020000 2 0 1 20 0 1 0 19 77CoHoRo.125
26331.800000 0.020000 0.020000 2 0 1 21 0 1 0 20 77CoHoRo.126
26332.020000 0.020000 0.020000 2 0 1 22 0 1 0 21 77CoHoRo.127
26332.320000 0.020000 0.020000 2 0 1 23 0 1 0 22 77CoHoRo.128
26332.550000 0.020000 0.020000 2 0 1 24 0 1 0 23 77CoHoRo.129
26332.550000 0.020000 0.020000 2 0 1 25 0 1 0 24 77CoHoRo.130
28706.240000 0.020000 0.020000 2 1 1 2 0 0 0 1 77CoHoRo.131
28707.680000 0.020000 0.020000 2 1 1 3 0 0 0 2 77CoHoRo.132
28708.850000 0.020000 0.020000 2 1 1 4 0 0 0 3 77CoHoRo.133
28710.170000 0.020000 0.020000 2 1 1 5 0 0 0 4 77CoHoRo.134
28711.290000 0.020000 0.020000 2 1 1 6 0 0 0 5 77CoHoRo.135
28712.290000 0.020000 0.020000 2 1 1 7 0 0 0 6 77CoHoRo.136
28713.080000 0.020000 0.020000 2 1 1 8 0 0 0 7 77CoHoRo.137
28714.080000 0.020000 0.020000 2 1 1 9 0 0 0 8 77CoHoRo.138
28714.870000 0.020000 0.020000 2 1 1 10 0 0 0 9 77CoHoRo.139
28715.520000 0.020000 0.020000 2 1 1 11 0 0 0 10 77CoHoRo.140
28716.150000 0.020000 0.020000 2 1 1 12 0 0 0 11 77CoHoRo.141
28716.660000 0.020000 0.020000 2 1 1 13 0 0 0 12 77CoHoRo.142
28717.090000 0.020000 0.020000 2 1 1 14 0 0 0 13 77CoHoRo.143
28717.440000 0.020000 0.020000 2 1 1 15 0 0 0 14 77CoHoRo.144
28717.690000 0.020000 0.020000 2 1 1 16 0 0 0 15 77CoHoRo.145
28717.880000 0.020000 0.020000 2 1 1 17 0 0 0 16 77CoHoRo.146
28718.000000 0.020000 0.020000 2 1 1 18 0 0 0 17 77CoHoRo.147
28718.000000 0.020000 0.020000 2 1 1 19 0 0 0 18 77CoHoRo.148
28717.880000 0.020000 0.020000 2 1 1 20 0 0 0 19 77CoHoRo.149
28717.690000 0.020000 0.020000 2 1 1 21 0 0 0 20 77CoHoRo.150
28717.440000 0.020000 0.020000 2 1 1 22 0 0 0 21 77CoHoRo.151
28717.090000 0.020000 0.020000 2 1 1 23 0 0 0 22 77CoHoRo.152
28716.660000 0.020000 0.020000 2 1 1 24 0 0 0 23 77CoHoRo.153
28716.150000 0.020000 0.020000 2 1 1 25 0 0 0 24 77CoHoRo.154
27432.690000 0.020000 0.020000 2 1 1 1 0 1 0 0 77CoHoRo.155
27434.060000 0.020000 0.020000 2 1 1 2 0 1 0 1 77CoHoRo.156
27435.520000 0.020000 0.020000 2 1 1 3 0 1 0 2 77CoHoRo.157
27436.900000 0.020000 0.020000 2 1 1 4 0 1 0 3 77CoHoRo.158
27438.140000 0.020000 0.020000 2 1 1 5 0 1 0 4 77CoHoRo.159
27439.380000 0.020000 0.020000 2 1 1 6 0 1 0 5 77CoHoRo.160
27440.450000 0.020000 0.020000 2 1 1 7 0 1 0 6 77CoHoRo.161
27441.470000 0.020000 0.020000 2 1 1 8 0 1 0 7 77CoHoRo.162
27442.470000 0.020000 0.020000 2 1 1 9 0 1 0 8 77CoHoRo.163
27443.290000 0.020000 0.020000 2 1 1 10 0 1 0 9 77CoHoRo.164
27444.090000 0.020000 0.020000 2 1 1 11 0 1 0 10 77CoHoRo.165
27444.840000 0.020000 0.020000 2 1 1 12 0 1 0 11 77CoHoRo.166
27445.500000 0.020000 0.020000 2 1 1 13 0 1 0 12 77CoHoRo.167
27446.070000 0.020000 0.020000 2 1 1 14 0 1 0 13 77CoHoRo.168
27446.580000 0.020000 0.020000 2 1 1 15 0 1 0 14 77CoHoRo.169
27447.030000 0.020000 0.020000 2 1 1 16 0 1 0 15 77CoHoRo.170
27447.420000 0.020000 0.020000 2 1 1 17 0 1 0 16 77CoHoRo.171
27447.730000 0.020000 0.020000 2 1 1 18 0 1 0 17 77CoHoRo.172
27447.960000 0.020000 0.020000 2 1 1 19 0 1 0 18 77CoHoRo.173
27447.960000 0.020000 0.020000 2 1 1 20 0 1 0 19 77CoHoRo.174
27447.960000 0.020000 0.020000 2 1 1 21 0 1 0 20 77CoHoRo.175
27447.960000 0.020000 0.020000 2 1 1 22 0 1 0 21 77CoHoRo.176
27447.960000 0.020000 0.020000 2 1 1 23 0 1 0 22 77CoHoRo.177
27447.730000 0.020000 0.020000 2 1 1 24 0 1 0 23 77CoHoRo.178
66221.340000 0.200000 0.200000 4 1 0 0 0 0 0 1 87StYoSm.1
66219.900000 0.200000 0.200000 4 1 0 1 0 0 0 2 87StYoSm.2
66218.430000 0.200000 0.200000 4 1 0 2 0 0 0 3 87StYoSm.3
66217.070000 0.200000 0.200000 4 1 0 3 0 0 0 4 87StYoSm.4
66215.870000 0.200000 0.200000 4 1 0 4 0 0 0 5 87StYoSm.5
66214.760000 0.200000 0.200000 4 1 0 5 0 0 0 6 87StYoSm.6
66226.510000 0.200000 0.200000 4 1 0 1 0 0 0 0 87StYoSm.7
66228.300000 0.200000 0.200000 4 1 0 2 0 0 0 1 87StYoSm.8
66230.170000 0.200000 0.200000 4 1 0 3 0 0 0 2 87StYoSm.9
66232.010000 0.200000 0.200000 4 1 0 4 0 0 0 3 87StYoSm.10
66233.990000 0.200000 0.200000 4 1 0 5 0 0 0 4 87StYoSm.11
66236.070000 0.200000 0.200000 4 1 0 6 0 0 0 5 87StYoSm.12
66238.200000 0.200000 0.200000 4 1 0 7 0 0 0 6 87StYoSm.13
66240.420000 0.200000 0.200000 4 1 0 8 0 0 0 7 87StYoSm.14
66242.630000 0.200000 0.200000 4 1 0 9 0 0 0 8 87StYoSm.15
66244.880000 0.200000 0.200000 4 1 0 10 0 0 0 9 87StYoSm.16
66247.310000 0.200000 0.200000 4 1 0 11 0 0 0 10 87StYoSm.17
66249.820000 0.200000 0.200000 4 1 0 12 0 0 0 11 87StYoSm.18
66252.350000 0.200000 0.200000 4 1 0 13 0 0 0 12 87StYoSm.19
66254.940000 0.200000 0.200000 4 1 0 14 0 0 0 13 87StYoSm.20
66257.640000 0.200000 0.200000 4 1 0 15 0 0 0 14 87StYoSm.21
66260.280000 0.200000 0.200000 4 1 0 16 0 0 0 15 87StYoSm.22
66263.140000 0.200000 0.200000 4 1 0 17 0 0 0 16 87StYoSm.23
66266.080000 0.200000 0.200000 4 1 0 18 0 0 0 17 87StYoSm.24
66268.970000 0.200000 0.200000 4 1 0 19 0 0 0 18 87StYoSm.25
66271.990000 0.200000 0.200000 4 1 0 20 0 0 0 19 87StYoSm.26
66275.060000 0.200000 0.200000 4 1 0 21 0 0 0 20 87StYoSm.27
66278.240000 0.200000 0.200000 4 1 0 22 0 0 0 21 87StYoSm.28
66281.470000 0.200000 0.200000 4 1 0 23 0 0 0 22 87StYoSm.29
66284.710000 0.200000 0.200000 4 1 0 24 0 0 0 23 87StYoSm.30
66288.020000 0.200000 0.200000 4 1 0 25 0 0 0 24 87StYoSm.31
66291.500000 0.200000 0.200000 4 1 0 26 0 0 0 25 87StYoSm.32
66295.000000 0.200000 0.200000 4 1 0 27 0 0 0 26 87StYoSm.33
66298.580000 0.200000 0.200000 4 1 0 28 0 0 0 27 87StYoSm.34
66302.190000 0.200000 0.200000 4 1 0 29 0 0 0 28 87StYoSm.35
66305.910000 0.200000 0.200000 4 1 0 30 0 0 0 29 87StYoSm.36
66309.600000 0.200000 0.200000 4 1 0 31 0 0 0 30 87StYoSm.37
66313.370000 0.200000 0.200000 4 1 0 32 0 0 0 31 87StYoSm.38
66317.390000 0.200000 0.200000 4 1 0 33 0 0 0 32 87StYoSm.39
66321.240000 0.200000 0.200000 4 1 0 34 0 0 0 33 87StYoSm.40
66325.340000 0.200000 0.200000 4 1 0 35 0 0 0 34 87StYoSm.41
66329.430000 0.200000 0.200000 4 1 0 36 0 0 0 35 87StYoSm.42
